"Country","clat","clong"
"Austria",47.59397,14.12456
"Belgium",50.6402809,4.6667145
"Bulgaria",42.6073975,25.4856617
"Croatia",45.3658443,15.6575209
"Republic of Cyprus",34.9823018,33.1451285
"Czechia",49.7439047,15.3381061
"Denmark",55.670249,10.3333283
"Estonia",58.7523778,25.3319078
"Finland",63.2467777,25.9209164
"France",46.603354,1.8883335
"Germany",51.1638175,10.4478313
"Greece",38.9953683,21.9877132
"Hungary",47.1817585,19.5060937
"Ireland",52.865196,-7.9794599
"Italy",42.6384261,12.674297
"Latvia",56.8406494,24.7537645
"Lithuania",55.3500003,23.7499997
"Luxembourg",49.8158683,6.1296751
"Malta",35.9311442,14.3951627
"Netherlands",52.2434979,5.6343227
"Poland",52.215933,19.134422
"Portugal",39.6621648,-8.1353519
"Romania",45.9852129,24.6859225
"Slovakia",48.7411522,19.4528646
"Slovenia",46.1199444,14.8153333
"Spain",39.3260685,-4.8379791
"Sweden",59.6749712,14.5208584
"Iceland",64.9841821,-18.1059013
"Liechtenstein",47.1416307,9.5531527
"Norway",61.1529386,8.7876653
