"City","Country","clat","clong","LID"
"Peniche","Portugal",39.3569,-9.3787,"CIT000316"
"Hlincea","Romania",47.1106,27.5823,"CIT000317"
"Cetățuia","Romania",46.2421,25.8978,"CIT000318"
"Ezăreni","Romania",NA,NA,"CIT000319"
"Paris","France",48.8588897,2.320041,"CIT000005"
"Kaunas","Lithuania",54.8982139,23.9044817,"CIT000006"
"Kaišiadorys","Lithuania",54.8602337,24.4544785,"CIT000007"
"Birštonas","Lithuania",54.6043509,24.0335131,"CIT000008"
"Paduoblis","Lithuania",54.5748358,23.9471037,"CIT000009"
"Kėdainiai","Lithuania",55.2887322,23.9758359,"CIT000010"
"Międzyzdroje","Poland",53.9282745,14.448903,"CIT000011"
"Wałcz","Poland",53.269745,16.4670655,"CIT000012"
"Tanowo","Poland",53.5408392,14.4670656,"CIT000013"
"Iglice","Poland",53.8302042,15.471333,"CIT000014"
"Lublin","Poland",51.250559,22.5701022,"CIT000015"
"Žilina","Slovakia",49.2234674,18.7393139,"CIT000016"
"Rome","Italy",41.8933203,12.4829321,"CIT000017"
"Wrocław","Poland",51.1089776,17.0326689,"CIT000018"
"Strasbourg","France",48.584614,7.7507127,"CIT000019"
"Košice","Slovakia",48.7172272,21.2496774,"CIT000020"
"Primorsko","Bulgaria",42.2698672,27.7506179,"CIT000021"
"Geel","Belgium",51.1610826,4.9903187,"CIT000022"
"Cocullo","Italy",42.0320574,13.7834637,"CIT000023"
"Herentals","Belgium",51.1765426,4.8362595,"CIT000024"
"Kapellen","Belgium",51.3149455,4.4295354,"CIT000025"
"Schoten","Belgium",51.2516344,4.4980446,"CIT000026"
"Turnhout","Belgium",51.328932,4.9299924,"CIT000027"
"Oostkamp","Belgium",51.1213769,3.2341433,"CIT000028"
"Kasterlee","Belgium",51.2407915,4.967812,"CIT000029"
"Vosselaar","Belgium",51.3129153,4.8878026,"CIT000030"
"Monforte de Lemos","Spain",42.5105492,-7.4875211,"CIT000031"
"Lugo","Spain",42.9913123,-7.5908294,"CIT000032"
"A Coruña","Spain",43.3454621,-8.4138519,"CIT000033"
"O Carballiño","Spain",42.4467277,-8.0651475,"CIT000034"
"Melide","Spain",42.9331573,-8.0276784,"CIT000035"
"Roibeira","Spain",43.2678665,-8.2092122,"CIT000036"
"Campelo","Spain",42.4307469,-8.6824736,"CIT000037"
"O Vao","Spain",42.1972182,-8.7900675,"CIT000038"
"Feáns","Spain",42.8928658,-8.6083609,"CIT000039"
"Matalobos","Spain",42.4156403,-8.6399774,"CIT000040"
"Baer","Spain",43.5243723,-7.4894678,"CIT000041"
"Arteixo","Spain",43.3045792,-8.5079101,"CIT000042"
"O Burgo","Spain",42.43799,-8.6424477,"CIT000043"
"Lians","Spain",43.3367823,-8.3469389,"CIT000044"
"Tui","Spain",42.0669432,-8.6637585,"CIT000045"
"Bucharest","Romania",44.4361414,26.102684,"CIT000046"
"Vilnius","Lithuania",54.6870458,25.2829111,"CIT000047"
"Šiauliai","Lithuania",55.9340823,23.3157775,"CIT000048"
"Panevėžys","Lithuania",55.7344985,24.3578055,"CIT000049"
"Alytus","Lithuania",54.3961344,24.0459268,"CIT000050"
"Druskininkai","Lithuania",54.0171932,23.9772282,"CIT000051"
"Marijampolė","Lithuania",54.5562536,23.3503665,"CIT000052"
"Vilkaviškis","Lithuania",54.6501751,23.0358705,"CIT000053"
"Zarasai","Lithuania",55.7304035,26.2471471,"CIT000054"
"Dusetos","Lithuania",55.7486829,25.8455165,"CIT000055"
"Utena","Lithuania",55.4984381,25.6025772,"CIT000056"
"Rokiškis","Lithuania",55.954025,25.591746,"CIT000057"
"Mažeikiai","Lithuania",56.3110483,22.3484725,"CIT000058"
"Tauragė","Lithuania",55.2533635,22.2903395,"CIT000059"
"Pagėgiai","Lithuania",55.133252,21.9104398,"CIT000060"
"Seniava","Lithuania",54.8526018,23.908118,"CIT000061"
"Baubliai","Lithuania",56.1279566,22.9143592,"CIT000062"
"Garuckai","Lithuania",55.5093636,24.3309795,"CIT000063"
"Lukščiai","Lithuania",55.7881166,25.6670643,"CIT000064"
"Marimantas","Lithuania",55.8196577,25.9014335,"CIT000065"
"Antazavė","Lithuania",55.8124788,25.9287182,"CIT000066"
"Aviliai II","Lithuania",55.7553158,26.0255073,"CIT000067"
"Telšiai","Lithuania",55.9846135,22.2490753,"CIT000068"
"Berčiūnai","Lithuania",55.7374018,24.2297006,"CIT000069"
"Anykščiai","Lithuania",55.5257935,25.1061247,"CIT000070"
"Biržuvėnai","Lithuania",55.8941864,22.4626667,"CIT000071"
"Prienai","Lithuania",54.6338459,23.9428415,"CIT000072"
"Palanga","Lithuania",55.9229818,21.0682657,"CIT000073"
"Kuopio","Finland",62.8924628,27.6783603,"CIT000074"
"Lappeenranta","Finland",61.0583417,28.1862293,"CIT000075"
"Hanover","Germany",52.3744779,9.7385532,"CIT000076"
"Budapest","Hungary",47.4978789,19.0402383,"CIT000077"
"Venaria Reale","Italy",45.1348114,7.6268658,"CIT000078"
"Ócsa","Hungary",47.3011895,19.2313617,"CIT000079"
"Warsaw","Poland",52.2319581,21.0067249,"CIT000080"
"Gdańsk","Poland",54.3482907,18.6540233,"CIT000081"
"Powroźnik","Poland",49.3706205,20.9516912,"CIT000082"
"Tallinn","Estonia",59.437242,24.7572693,"CIT000083"
"Zielona Góra","Poland",51.9383777,15.5050408,"CIT000084"
"Nancy","France",48.6937223,6.1834097,"CIT000085"
"As","Belgium",51.0063339,5.5831347,"CIT000086"
"Santalla","Spain",43.2586817,-7.0278744,"CIT000087"
"Betanzos","Spain",43.2757359,-8.2326417,"CIT000088"
"Lalín","Spain",42.6575058,-8.0943083,"CIT000089"
"O Barco de Valdeorras","Spain",42.4301028,-6.9801028,"CIT000090"
"Casanova","Spain",42.8786677,-7.9274575,"CIT000091"
"Montecelo","Spain",42.369146,-8.7368452,"CIT000092"
"Muíños","Spain",41.9368705,-7.9800073,"CIT000093"
"O Areal","Spain",42.7998649,-8.6345737,"CIT000094"
"Ribeiranova","Spain",NA,NA,"CIT000095"
"Paseo dos Soños","Spain",NA,NA,"CIT000096"
"Baiona","Spain",42.0881275,-8.8485132,"CIT000097"
"Poznań","Poland",52.4082663,16.9335199,"CIT000098"
"Szatymaz","Hungary",46.3416797,20.0415788,"CIT000099"
"Sorø","Denmark",55.4365822,11.5629363,"CIT000100"
"Gråsten","Denmark",54.9140178,9.5866302,"CIT000101"
"Bratislava","Slovakia",48.1435026,17.1082867,"CIT000102"
"Jawornik","Poland",49.3589231,22.0996862,"CIT000103"
"Rzeszów","Poland",50.0374531,22.0047174,"CIT000104"
"Rogi","Poland",50.6613522,17.5270091,"CIT000105"
"Somogyszob","Hungary",46.2929761,17.2968274,"CIT000106"
"Tarany","Hungary",46.1832459,17.3018901,"CIT000107"
"Martonvásár","Hungary",47.3299049,18.7687291,"CIT000108"
"Pogányszentpéter","Hungary",46.3841252,17.0630142,"CIT000109"
"Prague","Czech Republic",50.0874654,14.4212535,"CIT000110"
"Pleven","Bulgaria",43.409022,24.6180123,"CIT000111"
"Białystok","Poland",53.132398,23.1591679,"CIT000112"
"Augustów","Poland",53.8437331,22.9802357,"CIT000113"
"Gołdap","Poland",54.3077084,22.3018576,"CIT000114"
"Hradec Králové","Czech Republic",50.2092113,15.8327512,"CIT000115"
"Helsinki","Finland",60.1666204,24.9435408,"CIT000116"
"Milan","Italy",45.4641943,9.1896346,"CIT000117"
"Barcelona","Spain",41.3825802,2.177073,"CIT000118"
"Bellaterra","Spain",41.5040164,2.0859223,"CIT000119"
"Tortolì","Italy",39.9266045,9.6591551,"CIT000120"
"Alghero","Italy",40.5587291,8.3153206,"CIT000121"
"Dorgali","Italy",40.2928022,9.588832,"CIT000122"
"Czempiń","Poland",52.1431479,16.7613308,"CIT000123"
"Cluj-Napoca","Romania",46.769379,23.5899542,"CIT000124"
"Borowa","Poland",51.3275,19.4888,"CIT000125"
"Belluno","Italy",46.1375185,12.2181711,"CIT000126"
"Ponte Nelle Alpi","Italy",46.1617797,12.2988054,"CIT000127"
"Sedico","Italy",46.1706632,12.1332747,"CIT000128"
"Białobrzegi","Poland",50.764613,23.1475593,"CIT000129"
"Garliava","Lithuania",54.8279294,23.8746799,"CIT000130"
"Yliškės","Lithuania",54.8741238,23.8733622,"CIT000131"
"Panemunė","Lithuania",55.0871461,21.9115038,"CIT000132"
"Kleboniškės","Lithuania",NA,NA,"CIT000133"
"Astravas","Lithuania",56.2197857,24.7707927,"CIT000134"
"Elektrenai","Lithuania",54.786657,24.6708398,"CIT000135"
"Miškiniai","Lithuania",54.5896847,25.2404336,"CIT000136"
"Pavelnys","Lithuania",NA,NA,"CIT000137"
"Bremen","Germany",53.0758196,8.8071646,"CIT000138"
"Kassel","Germany",51.3157833,9.4978479,"CIT000139"
"Nantes","France",47.2186371,-1.5541362,"CIT000140"
"Sucé-sur-Erdre","France",47.341551,-1.5285694,"CIT000141"
"Bouguenais","France",47.179301,-1.6233691,"CIT000142"
"Saint-Herblain","France",47.2233007,-1.6346964,"CIT000143"
"Orvault","France",47.2711217,-1.623206,"CIT000144"
"Angers","France",47.4739884,-0.5515588,"CIT000145"
"Tréglamus","France",48.556571,-3.2749565,"CIT000146"
"Quimper","France",47.9960325,-4.1024782,"CIT000147"
"Saint-Paul-de-Serre","France",45.0886018,0.6338874,"CIT000148"
"Vincennes","France",48.8474508,2.4396714,"CIT000149"
"Biollet","France",45.9929972,2.6822242,"CIT000150"
"Caussade","France",44.1608142,1.5365375,"CIT000151"
"Vieillevigne","France",43.4021153,1.6577206,"CIT000152"
"Saint-Léon","France",43.4009844,1.5607511,"CIT000153"
"Montesquieu","France",43.5637486,3.271108,"CIT000154"
"La Tour-de-Salvagny","France",45.8129372,4.7163893,"CIT000155"
"Fleurieux-sur-l'Arbresle","France",45.835763,4.6519267,"CIT000156"
"Misérieux","France",45.9742953,4.8112945,"CIT000157"
"Montpellier","France",43.6112422,3.8767337,"CIT000158"
"Pavia","Italy",45.1860043,9.1546375,"CIT000159"
"Ryck","Germany",NA,NA,"CIT000160"
"Greifswald","Germany",54.095791,13.3815238,"CIT000161"
"Aš","Czech Republic",50.2216257,12.1895886,"CIT000162"
"Benešov","Czech Republic",49.7828898,14.6875926,"CIT000163"
"Beroun","Czech Republic",49.9640292,14.0733907,"CIT000164"
"Blansko","Czech Republic",49.3636494,16.6442394,"CIT000165"
"Bohumín","Czech Republic",49.9041537,18.3574288,"CIT000166"
"Boskovice","Czech Republic",49.4877983,16.66016,"CIT000167"
"Břeclav","Czech Republic",48.7594008,16.8813137,"CIT000168"
"Brno","Czech Republic",49.1922443,16.6113382,"CIT000169"
"Bruntál","Czech Republic",49.9885113,17.4652901,"CIT000170"
"Čáslav","Czech Republic",49.9109171,15.3913205,"CIT000171"
"Česká Lípa","Czech Republic",50.6865452,14.5372974,"CIT000172"
"Česká Třebová","Czech Republic",49.9021593,16.4472039,"CIT000173"
"České Budějovice","Czech Republic",48.9747357,14.474285,"CIT000174"
"Český Krumlov","Czech Republic",48.8106526,14.3150586,"CIT000175"
"Český Těšín","Czech Republic",49.7464018,18.6260976,"CIT000176"
"Cheb","Czech Republic",50.0793562,12.370353,"CIT000177"
"Chomutov","Czech Republic",50.4606456,13.4178324,"CIT000178"
"Chrudim","Czech Republic",49.9511458,15.7947559,"CIT000179"
"Děčín","Czech Republic",50.7824196,14.2147221,"CIT000180"
"Domažlice","Czech Republic",49.4403546,12.929748,"CIT000181"
"Dvůr Králové","Czech Republic",50.4319053,15.8139947,"CIT000182"
"Frenštát pod Radhoštěm","Czech Republic",49.5474224,18.2117067,"CIT000183"
"Frýdek-Místek","Czech Republic",49.685635,18.3483416,"CIT000184"
"Havířov","Czech Republic",49.7801136,18.4368451,"CIT000185"
"Havlíčkův Brod","Czech Republic",49.606942,15.5795748,"CIT000186"
"Hlinsko","Czech Republic",49.7625672,15.907339,"CIT000187"
"Hodonín","Czech Republic",48.8563914,17.1234655,"CIT000188"
"Holešov","Czech Republic",49.333718,17.5786751,"CIT000189"
"Humpolec","Czech Republic",49.5418861,15.3586709,"CIT000190"
"Hustopeče","Czech Republic",48.9399831,16.7369738,"CIT000191"
"Jablonec nad Nisou","Czech Republic",50.7240899,15.1710958,"CIT000192"
"Jeseník","Czech Republic",50.2296385,17.2046012,"CIT000193"
"Jičín","Czech Republic",50.4370452,15.3516528,"CIT000194"
"Jihlava","Czech Republic",49.396064,15.5903065,"CIT000195"
"Jindřichův Hradec","Czech Republic",49.1443265,15.003354,"CIT000196"
"Jirkov","Czech Republic",50.5000597,13.4476266,"CIT000197"
"Kadaň","Czech Republic",50.3761991,13.2710364,"CIT000198"
"Karlovy Vary","Czech Republic",50.2306216,12.8701437,"CIT000199"
"Karviná","Czech Republic",49.8542719,18.5416556,"CIT000200"
"Kladno","Czech Republic",49.7673576,15.9729537,"CIT000201"
"Klatovy","Czech Republic",49.3951183,13.2935954,"CIT000202"
"Kolín","Czech Republic",50.0288894,15.2011571,"CIT000203"
"Kopřivnice","Czech Republic",49.598913,18.1452134,"CIT000204"
"Kralupy nad Vltavou","Czech Republic",50.2415548,14.3106491,"CIT000205"
"Krnov","Czech Republic",50.089894,17.7040842,"CIT000206"
"Kroměříž","Czech Republic",49.2984191,17.3929804,"CIT000207"
"Krupka","Czech Republic",50.6847005,13.8577518,"CIT000208"
"Kutná Hora","Czech Republic",49.9486561,15.2681123,"CIT000209"
"Liberec","Czech Republic",50.7702648,15.0583947,"CIT000210"
"Litvínov","Czech Republic",50.6009532,13.6110485,"CIT000211"
"Louny","Czech Republic",50.3572914,13.7969195,"CIT000212"
"Lovosice","Czech Republic",50.5150033,14.0517563,"CIT000213"
"Mariánské Lázně","Czech Republic",49.9739518,12.703319,"CIT000214"
"Mělník","Czech Republic",50.3520785,14.4748281,"CIT000215"
"Mikulov","Czech Republic",48.8068577,16.6383914,"CIT000216"
"Mladá Boleslav","Czech Republic",50.4116187,14.9031301,"CIT000217"
"Mohelnice","Czech Republic",49.7769472,16.9196183,"CIT000218"
"Moravské Budějovice","Czech Republic",49.0525768,15.8092797,"CIT000219"
"Most","Czech Republic",50.5032737,13.636112,"CIT000220"
"Náchod","Czech Republic",50.4167025,16.1622871,"CIT000221"
"Neratovice","Czech Republic",50.2598479,14.5175086,"CIT000222"
"Nový Jičín","Czech Republic",49.594881,18.0102584,"CIT000223"
"Nymburk","Czech Republic",50.1852696,15.0414543,"CIT000224"
"Olomouc","Czech Republic",49.5940567,17.251143,"CIT000225"
"Opava","Czech Republic",49.9389004,17.9024174,"CIT000226"
"Orlová","Czech Republic",49.8459427,18.4309274,"CIT000227"
"Ostrava","Czech Republic",49.8354045,18.292978,"CIT000228"
"Ostrov","Czech Republic",49.6111687,14.0146436,"CIT000229"
"Otrokovice","Czech Republic",49.2088284,17.5353865,"CIT000230"
"Pardubice","Czech Republic",50.0385812,15.7791356,"CIT000231"
"Pelhřimov","Czech Republic",49.4308737,15.2232341,"CIT000232"
"Písek","Czech Republic",50.1554308,15.5017289,"CIT000233"
"Plzeň","Czech Republic",49.7477415,13.3775249,"CIT000234"
"Poděbrady","Czech Republic",50.1430072,15.1191453,"CIT000235"
"Leipzig","Germany",51.3406321,12.3747329,"CIT000236"
"Turin","Italy",45.0677551,7.6824892,"CIT000237"
"Munich","Germany",48.1371079,11.5753822,"CIT000238"
"Polička","Czech Republic",49.7149137,16.2653869,"CIT000239"
"Prachatice","Czech Republic",49.0129091,13.997772,"CIT000240"
"Přerov","Czech Republic",49.4553775,17.4508621,"CIT000241"
"Příbram","Czech Republic",49.6901444,14.0103663,"CIT000242"
"Prostějov","Czech Republic",49.4721467,17.1117979,"CIT000243"
"Rakovník","Czech Republic",50.1041136,13.7310462,"CIT000244"
"Rokycany","Czech Republic",49.7428813,13.594778,"CIT000245"
"Roudnice nad Labem","Czech Republic",50.4244462,14.2603824,"CIT000246"
"Rožnov pod Radhoštěm","Czech Republic",49.4587958,18.1429843,"CIT000247"
"Rychnov nad Kněžnou","Czech Republic",50.1632537,16.2748393,"CIT000248"
"Slaný","Czech Republic",50.2306933,14.0868501,"CIT000249"
"Soběslav","Czech Republic",49.259407,14.7193304,"CIT000250"
"Sokolov","Czech Republic",50.1809097,12.6394986,"CIT000251"
"Stará Boleslav","Czech Republic",50.1999551,14.6786406,"CIT000252"
"Šternberk","Czech Republic",49.730712,17.2988474,"CIT000253"
"Strakonice","Czech Republic",49.261277,13.9025043,"CIT000254"
"Svitavy","Czech Republic",49.7562053,16.4688995,"CIT000255"
"Tábor","Czech Republic",49.4141533,14.6587234,"CIT000256"
"Tachov","Czech Republic",50.5378572,14.6357877,"CIT000257"
"Teplice","Czech Republic",50.6406644,13.8244461,"CIT000258"
"Teplice nad Bečvou","Czech Republic",49.5285434,17.7400947,"CIT000259"
"Tišnov","Czech Republic",49.348838,16.4244906,"CIT000260"
"Třebíč","Czech Republic",49.2158752,15.8810841,"CIT000261"
"Třeboň","Czech Republic",49.0040317,14.7714476,"CIT000262"
"Třinec","Czech Republic",49.6779212,18.6711993,"CIT000263"
"Trutnov","Czech Republic",50.5608165,15.912897,"CIT000264"
"Turnov","Czech Republic",50.5874068,15.1574182,"CIT000265"
"Uherské Hradiště","Czech Republic",49.0681018,17.4663899,"CIT000266"
"Uherský Brod","Czech Republic",49.0253139,17.6464437,"CIT000267"
"Ústí nad Labem","Czech Republic",50.6603327,14.0381357,"CIT000268"
"Ústí nad Orlicí","Czech Republic",49.9737603,16.3941695,"CIT000269"
"Valašské Meziříčí","Czech Republic",49.4716056,17.971593,"CIT000270"
"Varnsdorf","Czech Republic",50.9124244,14.6194058,"CIT000271"
"Velké Meziříčí","Czech Republic",49.3554996,16.0121507,"CIT000272"
"Veselí nad Moravou","Czech Republic",48.9540796,17.379034,"CIT000273"
"Vimperk","Czech Republic",49.0526997,13.774198,"CIT000274"
"Vlašim","Czech Republic",49.7065863,14.8986883,"CIT000275"
"Vodňany","Czech Republic",49.1478708,14.1754647,"CIT000276"
"Vrchlabí","Czech Republic",50.6271452,15.6095779,"CIT000277"
"Vsetín","Czech Republic",49.3389775,17.9961534,"CIT000278"
"Vyškov","Czech Republic",49.2778194,16.9994446,"CIT000279"
"Vysoké Mýto","Czech Republic",49.9534727,16.1616455,"CIT000280"
"Zábřeh","Czech Republic",49.8829089,16.8725044,"CIT000281"
"Žatec","Czech Republic",50.3274423,13.545952,"CIT000282"
"Žďár nad Sázavou","Czech Republic",49.5629014,15.9391924,"CIT000283"
"Zlín","Czech Republic",49.226766,17.6667415,"CIT000284"
"Znojmo","Czech Republic",48.8554341,16.0489457,"CIT000285"
"Freising","Germany",48.4008273,11.7439565,"CIT000286"
"Marzling","Germany",48.4029205,11.8170517,"CIT000287"
"Sinzing","Germany",48.9858315,11.9805276,"CIT000288"
"Regensburg","Germany",49.0195333,12.0974869,"CIT000289"
"Bittenbrunn","Germany",48.7440139,11.158116,"CIT000290"
"Veitshöchheim","Germany",49.8408582,9.8889132,"CIT000291"
"Margetshöchheim","Germany",49.8376941,9.8509749,"CIT000292"
"Vienna","Austria",48.2083537,16.3725042,"CIT000293"
"Neustadt an der Waldnaab","Germany",49.7309902,12.1724954,"CIT000294"
"Poppenricht","Germany",49.4833383,11.8252941,"CIT000295"
"Amberg","Germany",48.0611033,10.6810316,"CIT000296"
"Nittendorf","Germany",49.0201606,11.9523012,"CIT000297"
"Burgweinting","Germany",48.9904506,12.1397936,"CIT000298"
"Maxhütte-Haindhof","Germany",NA,NA,"CIT000299"
"Hacklberg","Germany",48.928607,11.783791,"CIT000300"
"Schwandorf","Germany",49.3152832,12.0866152,"CIT000301"
"Innenstetten","Germany",48.8965993,12.9015437,"CIT000302"
"Deggendorf","Germany",48.8333535,12.96205,"CIT000303"
"Oulu","Finland",65.0117914,25.4701973,"CIT000304"
"Lyon","France",45.7578137,4.8320114,"CIT000305"
"Bron","France",45.7337532,4.9092352,"CIT000306"
"Charbonnières-les-Bains","France",45.7787,4.7459,"CIT000307"
"Killarney","Ireland",52.0595746,-9.505322,"CIT000308"
"Roisan","Italy",45.7845707,7.3112829,"CIT000309"
"Güterfelde","Germany",52.3651041,13.1960337,"CIT000310"
"Gatow","Germany",52.4856409,13.1801341,"CIT000311"
"Falkenberg","Germany",52.8053764,13.9560526,"CIT000312"
"Königs Wusterhausen","Germany",52.2994511,13.6244389,"CIT000313"
"Chaves","Portugal",41.7399003,-7.4715213,"CIT000314"
"Olhão","Portugal",37.0270369,-7.8411287,"CIT000315"
"Olsztyn","Poland",53.7766839,20.476507,"CIT000316"
"Palermo","Italy",38.1112268,13.3524434,"CIT000317"
"Valeggio sul Mincio","Italy",45.3545182,10.7423903,"CIT000318"
"Lisbon","Portugal",38.7077507,-9.1365919,"CIT000319"
