"PMID","DOI","ArticleTitle","Title","AbstractText"
"42075709","10.3390/pathogens15040382","Sympatric Occurrence of Five Exophilic Tick Species in the Levice Region (Southwestern Slovakia) and Their Infection with Tick-Borne Pathogens.","Pathogens (Basel, Switzerland)","Among the 24 tick species documented in Slovakia, Ixodes ricinus is the most widespread and abundant. In some sites, 2-5 epidemiologically important tick species co-occur. Such sites represent hotspots for studying the co-circulation of tick-borne pathogens. Sympatric occurrence of five exophilic species (I. ricinus, Dermacentor reticulatus, D. marginatus, Haemaphysalis concinna, and H. inermis) was confirmed in the environs of the Žemberovce village (Levice region, south-western Slovakia). Here, the seasonal activity and abundance of questing ticks and the tick infestation of game and sheep were investigated. Questing ticks, spleens of game, and ticks removed from game and sheep were examined for the presence of tick-borne pathogens (Babesia spp., Theileria spp., Anaplasma phagocytophilum, Rickettsia spp., Borrelia burgdorferi s.l., and Borrelia miyamotoi) by molecular methods. Among the questing ticks, I. ricinus prevailed. Presence of Babesia crassa, B. microti, Rickettsia helvetica, R. raoultii, A. phagocytophilum, Borrelia afzelii, B. garinii, B. valaisiana, B. burgdorferi sensu stricto and B. miyamotoi was detected. Dermacentor marginatus, I. ricinus and H. concinna were collected from sheep. They were infected with A. phagocytophilum, A. ovis, R. slovaca, and R. raoultii. Anaplasma phagocytophilum was detected in all examined red deer and roe deer and in 55.6% of wild boar. All cervids were positive for Theileria spp. Infestation of game with all five tick species, with a predominance of I. ricinus, was confirmed. In these ticks, A. phagocytophilum, R. helvetica, R. raoultii, Babesia sp. hc-hlj212, B. crassa, B. microti, Babesia spp. and B. miyamotoi were detected. This study confirmed the presence of B. crassa in Slovakia for the first time. The investigated area, with the co-occurrence of five exophilic tick species and a wide spectrum of tick-borne pathogens, represents an epidemiologically important hotspot with the risk of infections of humans and domestic animals."
"42075703","10.3390/pathogens15040376","Habitat-Specific Patterns of Tick-Borne Pathogens in Urban and Suburban Landscapes.","Pathogens (Basel, Switzerland)","Tick-borne diseases are an increasing public health concern in Europe, driven by climate change, landscape transformation, and expanding human activity. Urban green spaces provide suitable habitats for ticks and increase human exposure to tick-borne pathogens (TBPs), yet habitat-specific patterns in urban and suburban environments remain poorly characterized. This study examined tick distribution and TBPs prevalence across 11 urban and suburban sites in Kaunas County, Lithuania. A total of 1539 questing Ixodes ricinus ticks were collected and screened by real-time PCR for Borrelia spp., Anaplasma phagocytophilum, Neoehrlichia mikurensis, Rickettsia spp., and Babesia spp., with further species identification by sequencing. Borrelia spp. were most prevalent (24.43%), followed by Rickettsia spp. (7.60%), N. mikurensis (6.63%), A. phagocytophilum (3.64%), and Babesia spp. (2.53%). Tick density, pathogen prevalence, and species diversity varied among habitats, with higher values in forested and ecotonal areas, but notable infection rates were also observed in managed urban sites. Co-infections occurred in 18.8% of infected ticks. Our findings demonstrate that the circulation of TBPs in urban and suburban landscapes is shaped by local habitat features, host communities, and management intensity, highlighting the need for habitat-specific risk assessment in urban planning and public health."
"41901745","10.3390/pathogens15030292","Zoonotic Pathogens in Ixodes ricinus from an Urban Environment in Northern Slovakia.","Pathogens (Basel, Switzerland)","Ixodes ricinus is the most common and, epidemiologically speaking, the most important tick species in Slovakia, transmitting a wide range of zoonotic pathogens. The goal of the present study was to monitor selected tick-borne infectious agents in an urban environment in northern Slovakia where the conditions for their occurrence and survival are typically unfavourable. Ticks were collected by the flagging method during the period from March to November 2024 in the city of Žilina in five urban locations characterized by high human activity and suitable conditions for tick-host interactions. A total of 264 ticks of Ixodes ricinus were collected (67 females, 85 males, and 112 nymphs). A molecular analysis confirmed the presence of Borrelia spp. in 34.5% of samples, while the most frequently detected species was Borrelia afzelii. The other detected species included zoonotic piroplasms Babesia microti and Babesia venatorum (1.5%), as well as the bacteria Anaplasma spp. (2.65%) and Rickettsia spp. (0.4%). In four ticks (1.5%), the presence of coinfection caused by multiple pathogens was detected. These results confirm that urban ecosystems located in the northern regions of Slovakia also provide significant reservoirs of zoonotic pathogens and impose a potential risk for public health."
"41677723","10.3390/biology15030252","Urban Recreation Areas as Foci of Tick Hazard: Multi-Year Seasonal Patterns of Ixodes ricinus and Dermacentor reticulatus Activity and Host Spectrum of Their Juvenile Stages in Eastern Poland.","Biology","Urban green spaces increasingly serve as sites of human-tick contact, yet long-term data on tick activity and host associations in urban recreational areas remain limited. This study investigated the seasonal activity patterns of Ixodes ricinus and Dermacentor reticulatus and the host spectrum of juvenile tick stages in an urban park in eastern Poland over a five-year period (2015-2019). Questing ticks were collected from vegetation using the flagging method, while small mammals were live-trapped to assess tick infestation of juvenile stages. The effects of air temperature, relative humidity, and seasonality on tick activity were analysed using generalized additive models (GAMs). D. reticulatus was the dominant tick species throughout the study, exhibiting pronounced autumn activity peaks, whereas I. ricinus occurred at lower densities with peak activity in late spring and early summer. GAM analyses revealed that apparent temperature effects observed in uncorrected models disappeared after accounting for seasonality, while seasonal timing remained a strong and consistent predictor of tick activity across species, developmental stages, and sexes. Juvenile ticks of both species were most frequently associated with Apodemus agrarius, indicating that urban-adapted rodent hosts play a key role in sustaining tick life cycles in simplified urban ecosystems. These findings demonstrate that urban recreational areas can function as persistent foci of tick hazard, with tick activity driven primarily by intrinsic seasonal dynamics rather than short-term weather variation."
"41671763","10.1016/j.vetmic.2026.110932","Occurrence of tick-borne pathogens in questing ticks, ticks from riding horses, and red deer blood in Western Pomerania, Poland.","Veterinary microbiology","Ixodes ricinus is a widespread vector of numerous microorganisms pathogenic to humans and animals in Europe. The risk of exposure to tick-borne pathogens (TBPs) has increased in recent years due to climate change, the conversion of natural green areas to recreational areas, and growing human and animal populations, including pets. Using molecular methods, the prevalence, diversity, and co-occurrence of selected tick-borne microorganisms were assessed in questing I. ricinus collected from recreational areas (n = 409), in ticks feeding on horses (n = 135), and in blood samples from red deer (n = 42) in northwestern Poland. In ticks, Borrelia afzelii (15 %), B. garinii (14 %), other Borrelia spp. (25.2 %), Anaplasma phagocytophilum (4.6 %), Rickettsia helvetica (11 %), R. raoultii (0.5 %) and R. monacensis (0.3 %) were identified. In deer blood samples, B. garinii (2.4 %), Borrelia spp. (4.8 %), A. phagocytophilum (9.5 %) and R. helvetica (4.8 %) were detected. Dual co-detection were observed, including B. afzelii and Borrelia spp. (8.3 %), Rickettsia spp. and Borrelia spp. (2.4 %), Anaplasma spp. and Borrelia spp. (0.9 %), in questing ticks, in ticks collected from horses, and in the deer blood samples. One triple pathogen co-detection (Borrelia spp., A. phagocytophilum, and R. helvetica; 0.2 %) was identified in questing ticks, and two quadruple pathogen combinations involving A. phagocytophilum or R. helvetica with different Borrelia spp. were detected in deer blood (0.3 %) and ticks feeding on horses (0.6 %), respectively.These findings highlight a substantial risk of exposure to multiple TBPs in forested recreational areas and underscore the potential for the simultaneous acquisition of at least two pathogens."
"41525246","10.1371/journal.pgph.0005705","First detection of one of the tick-borne lymphadenopathy (TIBOLA) etiological agent in ticks from a highly frequented sub-urban forest near Paris, France.","PLOS global public health","In the context of global changes including climate, environmental and socio-economic modifications, the surveillance of tick populations in term of species distribution and harboured pathogens is an absolute necessity. With this aim in view, ticks were collected in May 2022 in an highly frequented suburban forest located near Paris, France. The objective was to identify tick species and tick-borne pathogens that may warrant long-term monitoring, as well as to assess added value of metatranscriptomic Next Generation Sequencing (mNGS) for the detection of known and possibly new pathogens in ticks. Both Dermacentor reticulatus and Ixodes ricinus were collected. In addition to expected pathogens detected in I. ricinus (i.e., Anaplasma, Babesia, and Borrelia species), we report the detection of Rickettsia conorii subsp. raoultii, a zoonotic bacterium never identified in the region before and transmitted by a tick species on the rise: D. reticulatus."
"41437960","10.1016/j.crpvbd.2025.100339","Anaplasma phagocytophilum ecotype distribution and zoonotic potential in questing and feeding Ixodes ricinus from Germany.","Current research in parasitology & vector-borne diseases","Anaplasma phagocytophilum is a genetically diverse tick-borne pathogen, subdivided into different phylogenetic clusters, so-called ecotypes, with distinct transmission cycles. European variants pathogenic for humans, dogs, cats and horses are transmitted by Ixodes ricinus and belong to a distinct subgroup within Ecotype I. Ecotype II is also transmitted by I. ricinus, but considered primarily adapted to roe deer. The present study investigated the A. phagocytophilum ecotype distribution in questing and feeding I. ricinus from Germany, based on sequence analysis of the partial groEL gene. Of 94 positive questing ticks (34 nymphs, 60 adults) from the city of Hanover, 90.4% harboured Ecotype I and 9.6% Ecotype II, with 78.7% of sequences clustering within the zoonotic subgroup. The proportion of Ecotype I was significantly lower in feeding ticks collected countrywide. Among 27 ticks (10 nymphs, 17 adults) from humans, the Ecotype I/Ecotype II ratio was 55.6%/44.4%, with potentially zoonotic isolates in 40.7% of ticks. From dogs and cats, 57 and 28 positive female ticks yielded groEL sequences, respectively, with an Ecotype I/Ecotype II ratio of 68.4%/31.6% in ticks from dogs, and 60.7%/39.3% in ticks from cats. Potentially zoonotic isolates were detected in 54.4% of positive ticks from dogs, and 14.3% from cats. The differences in ecotype distribution may be due to geographical differences, variation between urban and rural habitats, and differences in host behaviour. The high proportion of isolates potentially pathogenic to humans and pets highlights the importance of preventive measures to avoid tick infestation."
"41286942","10.1186/s13071-025-07090-6","Rickettsia spp. in finnish ixodid ticks.","Parasites & vectors","Rickettsia spp. are intracellular, arthropod-borne bacteria pathogenic to humans and animals. The clinical manifestations of rickettsial infections range from mild to severe, but diagnosis is sometimes missed owing to mild symptoms or empirical antibiotic treatment for suspected tick-borne diseases. This study aimed to determine the prevalence of Rickettsia spp. in ticks across Finland, explore possible regional variations, identify the infecting Rickettsia species, and assess rickettsial exposure of certain human patients.

We analysed 5101 ticks from 20 locations, collected by flagging, crowdsourcing, or removal from pet cats and dogs between 2003 and 2021 in three study sets. Tick species were determined by quantitative PCR (qPCR), Sanger sequencing, or morphology. Rickettsial prevalences were determined by qPCR, with species confirmed by Sanger sequencing. Indirect immunofluorescence assay was used for detecting Rickettsial antibodies in human samples.

Ixodes ricinus predominated in southern Finland, while Ixodes persulcatus was found in central Finland and along the western coast up to southern Lapland. Occasional I. ricinus-persulcatus hybrids were observed in central southern Finland where both species co-occurred. Rickettsia DNA was more frequently detected in ticks collected from regions dominated by I. ricinus compared to those dominated by I. persulcatus. However, variations in sampling and processing may limit the comparability of these results. Ticks collected from dogs and cats contained Rickettsia spp. more frequently than those collected by flagging. Rickettsia helvetica was the primary species identified, with sporadic Candidatus Rickettsia tarasevichiae found exclusively in I. persulcatus. Among 226 sera from patients suspected of tick-borne encephalitis, 5.8% showed IgG reactivity against Rickettsial antigens, but titres were below the 1:512 threshold for confirmed infection.

This study highlights the need to better understand environmental or host-linked factors influencing Rickettsial prevalence and emphasizes the importance of monitoring in areas prone to tick expansion due to climate change. The findings underscore the potential for Rickettsial diseases, necessitating enhanced diagnostic frameworks to address disease burden and improve surveillance."
"41240427","10.1016/j.ttbdis.2025.102567","Ticks in changing times: Drought seems to be a main driver of declining Ixodes ricinus abundance in an urban setting.","Ticks and tick-borne diseases","Urban green spaces promote human well-being, but also represent areas of tick infestation and pathogen transmission risk. In Hanover city, Germany, long-term monitoring of questing tick abundance was initiated in 2017-2018 (Hauck et al., 2020). Here, we combine this data with a six-year follow-up, including the 2018-2020 and 2022 Europe-wide drought periods. Additionally, the density of infected nymphs (DIN) was calculated including pathogen prevalence data from 2020 (Glass et al., 2022). Tick density was observed to decline after drought years with a time lag, falling from an average of 25 and 26 ticks per 100 m² in 2017 and 2018 to 20 ticks in 2019, 16 in 2020 and 6 in 2021, which is a reduction of almost 75%. After the precipitation-rich year of 2021, density began to recover in 2022 (7 ticks/100 m²), but remained low in 2023 (10 ticks/100 m²) and 2024 (8 ticks/100 m²). After the 8-year observation period, tick density has therefore been reduced by almost 70% compared to initial values. Generalized linear mixed modelling showed significant associations between I. ricinus density and climatic variables. The DIN per monitoring site was 0.03-9.76/100 m², 0.00-0.04/100 m² and 0.11-16.81/100 m² for Borrelia spp., A. phagocytophilum, and Rickettsia species. This study strongly indicates that climate change, especially prolonged drought, affects I. ricinus populations in urban settings, and its long-term dataset can serve as a reference for future ecological and public-health risk assessments under a changing climate."
"41213351","10.1016/j.actatropica.2025.107899","In search for tick-borne encephalitis virus and Rickettsia in Belgian Ixodes ricinus ticks: Evidence of rickettsia felis.","Acta tropica","This study investigated the presence of tick-borne encephalitis virus (TBEV) in ticks collected in Belgium between 2018 and 2024, as well as the occurrence of Rickettsia spp. in ticks sampled in 2024. A total of 3739 ticks from 17 locations, of which 16 in Flanders and 1 in Wallonia, were collected from vegetation and tested in 510 pools for TBEV by RT-PCR. Sampling locations were selected based on potential exposure risk, including proximity to human TBE cases, evidence of TBEV antibodies in animals, or near the border between Belgium and the Netherlands. No TBEV RNA was detected in this collection. The 2432 ticks collected in 2024, were tested in 324 pools for Rickettsia spp. by PCR. Spotted Fever Group (SFG) rickettsiae were found in half of the pools, corresponding to an estimated prevalence of 10 %. Rickettsia helvetica was the predominant species, with an estimated prevalence of 8 %, while two pools (1.26 %) tested positive for R. felis. These results contribute to the understanding of tick-borne disease epidemiology in Belgium. Continuous monitoring is recommended to evaluate the impact of environmental changes on Belgian tick populations and pathogen circulation."
"41125152","10.1016/j.actatropica.2025.107878","From Angitia to Saint Domenico: Detection of vector-borne pathogens in snakes at the ""Festa dei Serpari"" in Cocullo, Central Italy.","Acta tropica","The ""Festa dei Serpari"" is a sacro-profane ritual held annually in central Italy in honor of Saint Domenico and characterized by close interaction between humans and snakes. Following a previous general health assessment, this study focused on zoonotic risks of vector-borne agents (i.e., Anaplasmataceae, Borrelia, Leishmania, and Rickettsia) by conducting molecular screening of 241 snakes and their ectoparasites. Screening revealed that 5.3 % (13/241) of snakes were DNA-positive for at least one pathogen, including 3.3 % (8/241) for Leishmania infantum in blood samples, 2.4 % (6/241) for Leishmania tarentolae in blood, cloacal, and oral swab samples, and 0.4 % (1/241) for Rickettsia monacensis detected in a single larval Ixodes ricinus tick collected from the oral cavity of a snake. Notably, this study provides the first molecular detection of the mammalian pathogen L. infantum and of R. monacensis in snakes and their ticks, respectively, in Europe. These findings highlight the exposure of snakes in central Italy to zoonotic vector-borne agents and underscore the importance of continued surveillance, as well as further experimental infection studies to clarify the role of reptiles in the ecology of Leishmania spp. Data also emphasize the need to strengthen preventive measures, including the use of protective clothing and repellents, careful post-handling body inspection to promptly remove attached ticks, and effective risk communication among participants and handlers of this traditional event."
"41009119","10.3390/insects16090935","Dermacentor reticulatus (Fabricius, 1794) in Southwestern Poland: Changes in Range and Local Scale Updates.","Insects","The ornate dog tick Dermacentor reticulatus is a key vector of several pathogens and has been expanding its range across Europe, raising concerns about the associated veterinary and public health risks. This study aimed to assess the current distribution and local-scale expansion of D. reticulatus in southwestern Poland, particularly in and around the city of Wrocław. In 2024, host-seeking ticks were collected using the flagging method at 80 sites, including 30 previously monitored locations and 50 newly designated ones, selected based on land cover analysis and field verification. Spatial statistics and kriging method were applied to evaluate changes in the tick's range compared to data from 2014-2019. The presence of D. reticulatus was confirmed at 68 sites, including 13 located beyond the previously estimated range. A shift in the mean center of tick occurrence toward the southeast was observed, along with an increase in the compact area of occurrence. The results indicate a continued expansion of D. reticulatus in the region, with urbanization and landscape structure likely influencing its spread. These findings underscore the importance of local-scale surveillance and spatial modeling in assessing the risk of tick-borne diseases."
"40732700","10.3390/pathogens14070652","First Molecular Evidence of Ixodiphagus hookeri (Hymenoptera: Encyrtidae) in Ixodes ricinus and Haemaphysalis concinna (Acari: Ixodida) Ticks from Inland and Coastal Areas of the Balkan Peninsula.","Pathogens (Basel, Switzerland)","Ixodiphagus hookeri (Howard, 1907) (Hymenoptera: Encyrtidae), a hyperparasitic wasp that parasitizes hard ticks, has been documented in various parts of Europe; however, data on its presence in southeastern regions has been lacking. This study provides the first molecular evidence of I. hookeri in ticks from the coastal areas of the Balkan Peninsula, specifically Croatia and Bulgaria. A total of 1043 questing ticks were collected between 2011 and 2013 across 15 locations. Molecular screening revealed I. hookeri DNA in Ixodes ricinus (Linnaeus, 1758) (Acari: Ixodidae) nymphs from inland Croatia (overall prevalence: 18.72%) and in Haemaphysalis concinna (Koch, 1844) (Acari: Ixodidae) nymphs and larvae from coastal Bulgaria (prevalence: 17.2%). All I. hookeri-positive samples were co-infected with Wolbachia spp. (Rickettsiales: Anaplasmataceae). This detection marks the southernmost record of I. hookeri in Central Europe, expanding its known range to the Balkan Peninsula and supporting its relevance as a potential natural enemy in integrated tick management strategies."
"40691961","10.1016/j.actatropica.2025.107750","Acarological risk of exposure to tick-borne pathogens in urban green areas of Rome, Italy.","Acta tropica","Acarological risk (R) was assessed in urban green areas of Rome. R was calculated as the probability of encountering at least one questing tick infected by spotted fever group (SFG) rickettsiae, Borrelia burgdorferi sensu lato and/or Coxiella burnetii, in 100 m transects within paths commonly walked by park-goers. Seasonal dynamics of Ixodes ricinus, Rhipicephalus bursa and Rhipicephalus turanicus were analysed together with their infection prevalence. Targeted PCR protocols were carried out to detect Rickettsia species, and highlight the presence of C. burnetii, B. burgdorferi s.l. and Piroplasmida. A total of 93 ticks were collected: 65 by dragging and 28 on animals. Twenty-four ticks (25.8 %) were found infected by SFG rickettsiae, while no ticks tested positive for other zoonotic pathogens. Rickettsia massiliae was found in questing Rhipicephalus sanguineus s.l. and R. turanicus; Rickettsia monacensis was associated with I. ricinus and Rickettsia aeschlimannii with Hyalomma marginatum. R calculated on questing ticks peaked in April (R = 0.078, CI95 % = 0.073-0.082) and September (R = 0.050, CI95 % = 0.048-0.053) and showed the highest value (0.073) in a park near Rome city centre (∼2 km from the Vatican City State). Ixodes ricinus and R. turanicus were the most abundant species collected by dragging, displaying a different seasonal dynamic, the former active in spring and early autumn, the latter in summer. Ixodes ricinus showed the highest percentage of positive individuals (25 %). Our results could be useful in prioritizing site-specific interventions in those green areas where higher tick abundance and/or pathogens of public health relevance were identified."
"40664101","10.1016/j.ttbdis.2025.102520","Dermacentor ticks and their human pathogens in various ecosystems of eastern France.","Ticks and tick-borne diseases","Dermacentor is Europe's second most important tick genus. It comprises two species: Dermacentor reticulatus, which has a more northerly range, and Dermacentor marginatus, which is typically found in Mediterranean regions. In France, especially in the east, the presence of Dermacentor remains understudied. Leveraging projects on Ixodes ricinus, we identified high-risk ecosystems for Dermacentor ticks. Both species were present, but D. reticulatus was dominant (96.3 %), always coexisting with Ixodes, at densities reaching 30.3 questing adults/100 m2 in Bas-Rhin. This species was found to thrive in wet meadows, alluvial forests, and lakes, where wild boars (Sus scrofa) are common. Among domestic animals, dogs and horses were the preferred hosts. Regarding human pathogens, we focused on the circulation of rickettsiae responsible for tick-borne lymphadenopathy. Acarological risk varied by region, with Rickettsia raoultii being the most prevalent bacterial species in all the departments, whereas Rickettsia slovaca was rarer and present only in 2 Bas-Rhin nature reserves. At the peak of tick activity, up to 18.7 % of Dermacentor adult ticks carried R. raoultii. In the studied region, D. reticulatus is the only known vector of these potentially pathogenic microorganisms."
"40606261","10.1016/j.ijppaw.2025.101084","New host-parasite associations and ectoparasite diversity of Erinaceus roumanicus in Romania.","International journal for parasitology. Parasites and wildlife","The northern white-breasted hedgehog (Erinaceus roumanicus) is a widely distributed species in Romania, inhabiting diverse environments, including urban areas where contact with humans and domestic animals may facilitate zoonotic pathogen circulation. Despite its ecological significance, data on its ectoparasitic fauna in Romania remain scarce. This study assessed the diversity, prevalence, and infestation patterns of ectoparasites in E. roumanicus, considering habitat type, biogeographical region, and seasonality. A total of 222 hedgehogs from the ""Visul Luanei"" Wildlife Rehabilitation Centre were examined for ectoparasites. Of these, 53 were included in parasitological analyses, while an additional 15 opportunistic samples contributed to faunistic assessments. Among the 68 tick-infested hedgehogs, 1793 ixodid ticks from 12 species across five genera were identified. The most abundant species were Ixodes ricinus (n = 1289; 71.91 %), I. redikorzevi (8.87 %), Rhipicephalus turanicus (8.81 %), and R. sanguineus (4.69 %). Tick prevalence was 23.87 % (95 % CI: 18.74-29.90 %), peaking in the Steppic region (38.10 %), with highest intensity in natural habitats (77.67 ± 118.08 ticks/host). Peak tick activity occurred in spring (32.63 %). Other identified ectoparasites included fleas (Ctenocephalides canis, Archaeopsylla erinacei s.l.) and mites (Neotrombicula autumnalis, Caparinia tripilis, Demodex erinacei). Notably, three new host-parasite associations were recorded in Romania: R. turanicus, C. tripilis, and D. erinacei. This study provides the first comprehensive characterization of the ectoparasite fauna of E. roumanicus in Romania, emphasizing its role as a reservoir of ectoparasites relevant to veterinary and public health. These findings support using E. roumanicus as a sentinel species for monitoring ectoparasite diversity and zoonotic risks in changing environments."
"40580570","10.1016/j.ttbdis.2025.102512","Prevalence and diversity of Borrelia spp. in questing ticks from urban green spaces in Lithuania.","Ticks and tick-borne diseases","Lithuania is a highly endemic area for Lyme borreliosis (LB), and Ixodes ricinus, the primary vector of Borrelia burgdorferi sensu lato (s.l.) in Europe, is widespread throughout the country. While previous studies conducted in Lithuania have examined the prevalence of B. burgdorferi s.l. in natural habitats, comprehensive data on the distribution of ticks and their infection with tick-borne pathogens in urban areas remain largely unknown. This study aimed to assess the risk of LB by analyzing tick abundance and the prevalence of Borrelia spp. in ticks collected from urban green spaces across ten Lithuanian counties. A total of 3628 ticks were collected, comprising two species: I. ricinus (n = 3599) and Dermacentor reticulatus (n = 29). Ticks were found in 43 out of 52 investigated locations. Molecular analyses detected B. burgdorferi s.l. in 22.89 % of I. ricinus and 3.45 % of D. reticulatus specimens, while Borrelia miyamotoi was found in 3.97 % of I. ricinus and 3.45 % of D. reticulatus. Five species from B. burgdorferi s.l. complex were identified: B. afzelii, B. garinii, B. burgdorferi s.s., B. lusitaniae, and B. valaisiana. Co-infections with different Borrelia spp. were observed in 0.72 % of I. ricinus ticks. Borrelia-infected ticks were detected at 38 of 43 locations (88.37 %), with the prevalence of infection ranging from 3.70 % to 41.53 %. These findings indicate that urban green spaces in Lithuania provide suitable habitats for ticks, with varying risks of human-tick contact and tick-borne infections, underscoring the potential public health risk of LB in Lithuanian cities. Further evaluation of tick distribution and the prevalence of Borrelia spp. is necessary to monitor how climate change and urbanization affect pathogen circulation and infection risk."
"40411945","10.1016/j.ttbdis.2025.102490","Diversity and prevalence of spotted-fever group rickettsiae in ixodid ticks across Slovakia, Central Europe.","Ticks and tick-borne diseases","Habitats with the sympatric occurrence of several ixodid tick species are significant from an epidemiological perspective. These habitats can influence the diversity and prevalence of tick-borne pathogens, and their monitoring can help estimate the risk of infection. A total of 1260 questing ticks from five species (Ixodes ricinus, Dermacentor marginatus, Dermacentor reticulatus, Haemaphysalis concinna, and Haemaphysalis inermis) were collected from vegetation using the flagging method in three different habitats in eastern Slovakia. Additionally, 900 rodent-attached ticks of six species (I. ricinus, Ixodes trianguliceps, D. marginatus, D. reticulatus, H. concinna, and H. inermis) collected from 149 small mammals belonging to seven species (Apodemus flavicollis, Apodemus agrarius, Microtus arvalis, Myodes glareolus, Micromys minutus, Crocidura leucodon, and Crocidura suaveolens) were selected for molecular analyses. DNA obtained from rodent-attached and questing ticks was tested by nested PCR targeting the gltA gene to determine the presence of Rickettsia spp. The ompA, ompB, and sca4 genes were amplified and sequenced to identify rickettsiae species. The overall prevalence of rickettsiae in questing and rodent-attached ticks was 12.5 % and 20.0 %, respectively. Overall studied localities, the most diverse spectrum of rickettsiae species, including R. helvetica, R. monacensis, R. raoultii, and R. slovaca, was recorded in questing and rodent-attached ticks in the natural habitat of the Slovak Karst. The dominant species, R. helvetica (62.9 %), was identified in two species of questing and rodent-attached ticks, specifically I. ricinus and H. concinna, and in rodent-attached D. reticulatus ticks. Rickettsia raoultii (20.4 %) was identified in questing and rodent-attached D. marginatus, D. reticulatus, and in questing H. concinna. Additionally, this study provides the first input of pathogenic R. raoultii in I. trianguliceps obtained from the striped field mouse (A. agrarius). Rickettsia monacensis (9.0 %) was detected in questing and rodent-attached I. ricinus, while Rickettsia slovaca (3.6 %) was found in questing and rodent-attached D. marginatus ticks. Natural biotopes with different tick species and hosts significantly affect the diversity and prevalence of rickettsiae."
"40303174","10.1155/2024/4064855","An Integrated Approach to an Emerging Problem: Implementing a Whole Year of Camera Trap Survey in Evaluating the Impact of Wildlife on Tick Abundance.","Transboundary and emerging diseases","Tick-borne zoonoses are an emerging health issue. The expansion of ticks is mainly driven by climatic changes but also by new approaches to the management of the natural environment, increasing the abundance of vertebrate host species and thus the potential exposure to tick bites for both humans and companion animals. In this context, a holistic approach to studying ticks' ecology is required. In the present work, we shed light on the link between environmental tick abundance (global and specific of Ixodes ricinus nymphs, as the highest zoonotic threat) and the temporal occupancy of wildlife host species retrieved from camera traps (namely, wild ruminants, mesocarnivores and wild boar). We modelled this relationship by integrating abiotic factors relevant to tick survival, such as the vegetation cover and saturation deficit, and estimated the accuracy of prediction. To collect these data, we deployed camera traps in a peri-urban Natural Park in Northwest Italy to monitor wildlife for 1 whole year while collecting ticks in front of camera traps by dragging transects every 2 weeks. Overall, wildlife temporal occupancy showed an additive impact on tick abundance for species that are preferential hosts (deer and mesocarnivores) and a detractive impact for wild boar, which also presented a lower tick burden, particularly with regard to the tick species collected in the environment (mainly I. ricinus and Haemaphysalis punctata). Accuracy of prediction was higher for I. ricinus nymphs rather than the global model. Temporal fluctuations in the tick population were also highlighted. Wildlife temporal occupancy was not constant and varied between seasons according to feeding habits. In conclusion, we highlighted the utility of camera trap data to investigate tick ecology and acarological risk. This information is crucial in informing monitoring and prevention strategies to decrease the risk of tick bites in humans and thus zoonotic risk of tick-borne diseases."
"40247993","10.1016/j.crpvbd.2025.100254","Monitoring of questing tick species distribution in Galicia, north-western Spain, over a period of 5.5 years.","Current research in parasitology & vector-borne diseases","An active survey was performed by the Galician Vector Surveillance Network (ReGaViVec) to determine the distribution of questing tick species in the Autonomous Community of Galicia Galicia, north-western Spain. Monitoring of tick populations involved drag/flag sampling at 533 locations over a period of 5.5 years. The identification of tick species, sex, and stage was carried out according to morphological keys, and the results were analyzed considering three Köppen climate regions, i.e. Cfb (marine west coast climate), Csb (warm-summer Mediterranean climate), and Csa (hot-summer Mediterranean climate), season, environment (forest, rural, or urban), vegetation height (≤ 15 cm, 16-40 cm, and > 40 cm); and altitude (< 300 m, 301-500 m, 501-1000 m, and >1000 m). A total of 1378 ticks were collected at 260 locations: 62.92% in Csb, 24.38% in Cfb, and 12.70% in Csa. Of these, 2% were larvae, 45.2% were nymphs, and 52.8% were adults (58.3% females and 41.7% males). Six species were recorded, i.e. Ixodes ricinus (57.90%), Rhipicephalus sanguineus (sensu lato) (26.05%), Dermacentor reticulatus (10.95%), Dermacentor marginatus (2.10%), Haemaphysalis sp. (2.61%), and Rhipicephalus bursa (0.36%). A seasonal pattern was recorded, with the relative abundance of I. ricinus and R. sanguineus (s.l.) peaking in spring-summer, and that of Dermacentor spp. and Haemaphysalis sp. peaking in autumn-winter. Significant differences were demonstrated in the species abundance distribution according to climate region, season, environment, and altitude. The highest tick abundance was recorded in summer, in rural areas, and at altitudes of < 300 m. Because most of the tick species present in the environment of Galicia have vectorial competence for emerging tick-borne pathogens, it is important to maintain research and coordination of tick surveillance practices in the region."
"39987670","10.1016/j.ttbdis.2025.102458","Uneven temporal distribution of piroplasms (Piroplasmida: Babesiidae, Theileriidae) in Haemaphysalis concinna in an urban biotope of the Western Palearctic focus region of this tick species.","Ticks and tick-borne diseases","Haemaphysalis concinna is a Palearctic tick species known as a potential or proven vector of several pathogens, including a broad spectrum of Babesia and Theileria species. The aim of this study was to examine the monthly presence of these piroplasms in H. concinna specimens collected from the vegetation of an urban habitat in Budapest, Hungary, in 2019 and 2020. The questing abundance of H. concinna was highest in June. By contrast, the occurrence of T. capreoli in unfed H. concinna peaked in April, and was significantly more common in the spring, than in the rest of the year. Among the detected eleven Babesia genotypes, two were present only in nymphs and adults of H. concinna. These were identical in the amplified part of their 18S rRNA gene to piroplasms reported from the Far East. Three further Babesia genotypes, however, showed genetic heterogeneity and were also carried by larvae. Babesia-infected nymphs and adults were most common in May and July. In conclusion, the results of this study show that in a questing population of H. concinna the highest monthly prevalence of Babesia and Theileria spp. may be different from each other and from the peak abundance of carrier ticks. Based on previous reports on the effect of tick-borne pathogens on other species of ticks, the factors that may influence this phenomenon in H. concinna may include changes in the metabolism and behavior (host finding and feeding success) as well as survival rate of infected ticks. Further studies will be necessary to clarify this."
"39580961","10.1016/j.ttbdis.2024.102417","Ixodes ricinus ticks survive flooding.","Ticks and tick-borne diseases","Climate-change induced weather extremes like floods are increasing in frequency and intensity, with potential consequences for disease vector ecology. We report on a flooding event during the winter of 2023/2024 in Hanover city, Germany. Our observations demonstrate that I. ricinus, the most important vector of tick-borne diseases in Europe, can survive prolonged periods under water and quickly resume host-seeking activity once conditions normalize. Despite being submerged for a total of 25 days, nymphal and adult ticks were observed questing four weeks of the water receding, with densities comparable to pre-flood levels. These findings underscore the resilience of I. ricinus and highlight the potential of ticks to pose infection risks even after extreme weather events."
"39390481","10.1186/s12942-024-00380-9","Understanding Ixodes ricinus occurrence in private yards: influence of yard and landscape features.","International journal of health geographics","Lyme borreliosis is the most frequent zoonotic disease in the northern hemisphere and is transmitted by ticks of the genus Ixodes. Although many people are bitten by ticks in private yards, our understanding of the factors associated with their presence in these areas remains limited. To address this gap, we used a citizen science approach to identify the local and landscape features associated with tick presence in yards.

This study was conducted near Nancy, a city in northeastern France, from 2020 to 2022. Citizen scientists collected ticks in their yard on a single event (n = 185) and measured 13 yard features. Additionally, we computed 11 features related to the landscape composition and spatial configuration surrounding these yards. Using generalized linear mixed models, we determined the yard and landscape features associated with the presence of ticks and nymphal Ixodes ricinus (hereafter nymphs), the life stage, and species that mostly bite humans.

Despite a low density, ticks were found in 32% of the yards, including yards in urbanized areas. At the transect level, the likelihood of finding a nymph was nearly three times higher in transects shaded by vegetation compared to those in open areas, with no relationship between nymph occurrence and transect location or grass height. At the yard level, the occurrence of ticks and nymphs was related to both yard and landscape characteristics. Nymph and tick occurrence were more than twice as high in yards with signs of deer and a wood/brush pile compared to those without these characteristics, and increased with the connectivity of vegetation areas and the percentage of forest areas in the landscape.

Our study reveals that private yards across an urbanization gradient are locations of tick exposure with tick presence linked to both yard and landscape factors. These findings emphasize the importance of public awareness regarding tick exposure in yards and provide crucial insights for future public health prevention campaigns."
"39384732","10.1007/s10493-024-00965-w","Prevalence and genotyping of Toxoplasma gondii in questing Ixodes ricinus ticks from forest areas of Northern Poland.","Experimental & applied acarology","Toxoplasma gondii occurs in a wide range of intermediate hosts, whose blood may be a meal for different tick species. A few studies have examined the role of ticks in the life cycle of T. gondii. This one includes the largest number and all stages of Ixodes ricinus collected from the widest area, covering seven recreational localities within a forest biotope in Northern Poland. This study aimed to determine the prevalence of T. gondii DNA in 2144 collected questing ticks to establish whether they may be involved in T. gondii life cycle. The additional goal was to genotype the detected T. gondii, as knowledge about its genotypes occurring in European ticks is insufficient. A further purpose was to detect coinfection with T. gondii and Borreliaceae in the collected ticks, as all of them have previously been tested for the presence of bacteria DNA. Nested PCR and sequencing of the obtained B1 gene fragment were conducted. T. gondii DNA was detected in 0.9% of all ticks (1.1% of nymphs and 0.7% of larvae). The presence of T. gondii in unfed larvae and nymphs may indicate the possibility of its vertical transmission. The prevalence of T. gondii DNA in ticks collected from individual sites was focal (0-4.3%) and seems to depend on local climatic conditions. Among all examined ticks, 0.3% were coinfected with T. gondii and Borreliella spp., vs. 0.6% of specimens with a single T. gondii infection. The obtained B1 sequences showed the greatest similarity (99.71-100%) to the sequence representing type III."
"39344722","10.26444/aaem/186025","The potential risk of human exposure to tick borne infection by Borrelia burgdorferi sensu lato, Anaplasma phagocytophilum, and Babesia microti in selected recreational areas of the Poprad Landscape Park in southern Poland.","Annals of agricultural and environmental medicine : AAEM","Ticks (Acari:Ixodida) are dangerous ectoparasites and, at the same time, vectors and/or resevoirs of many pathogens, among others Borrelia burgdorferi sensu lato, Anaplasma phagocytophilum and Babesia microti. These ethiological agents of Lyme borreliosis, anaplasmosis and babesiosis are transferred to humans mainly by ticks during feeding. The aim of this study was to estimate the potential risk of human exposure to tick borne infection of B. burgdorferi s.l., A. phagocytophilum and B. microti in selected areas of Poprad Landscape Park in southern Poland [PLP].

Ixodes ricinus ticks were collected from vegetation by the flagging method. Under a stereoscopic microscope, specimens were determined to the species and developmental stage. In total, DNA was isolated from 363 ticks. To detect B. burgdorferi s.l,.two pairs of primers specific to the flagelline gene were used. In turn, to detect A. phagocytophilum and B. microti, two pairs of primers specific to the 16S rRNA gene fragment and 18S rRNA gene fragment were used, respectively. The amplification products were separated electrophoretically in 2% ethidium bromide stained agarose gels, and visualized under ultra violet light.

Generally, pathogens were observed in 19.6% of ticks. Borrelia burgdorferi sensu lato was detected in 11.8% of studied ticks. In turn, A. phagocytophlium and B. microti were presented, respectively, in 0.3% and 7.4% of examined I. ricinus.

The study indicated a potentially high risk of human exposure to infection with tick-borne pathogens, mainly B. burgdorferi s.l. and B. microti, in the areas of PLP. In turn, the presence of A. phagocytophilum in lower percentage was shown in the studied ticks."
"39338592","10.3390/microorganisms12091918","Ticks and Tick-Borne Pathogens in Popular Recreational Areas in Tallinn, Estonia: The Underestimated Risk of Tick-Borne Diseases.","Microorganisms","This study reveals a significant presence of ticks and tick-borne pathogens in urban recreational areas of Tallinn, Estonia. During the period of May-June 2018, 815 Ixodes ticks were collected from an area of 11,200 m2 using the flagging method. Tick density reached up to 18.8 ticks per 100 m2, indicating a high concentration of ticks in these urban green spaces. Pathogen analysis demonstrated that 34% of the collected ticks were infected with at least one pathogen. Specifically, Borrelia burgdorferi s.l., the causative agent of Lyme borreliosis, was detected in 17.4% of the ticks; Rickettsia spp. was detected in 13.5%; Neoehrlichia mikurensis was detected in 5.5%; Borrelia miyamotoi was detected in 2.6%; and Anaplasma phagocytophilum and tick-borne encephalitis virus were detected in 0.5% each. These findings indicate that the prevalence and abundance of ticks and tick-borne pathogens in these urban environments are comparable to or even exceed those observed in natural endemic areas. Given the increasing incidence of Lyme borreliosis in Central and Northern Europe, the risk of tick bites and subsequent infection in urban recreational sites should not be underestimated. Public health measures, including enhanced awareness and precautionary information, are essential to mitigate the risk of tick-borne diseases in these urban settings."
"39249583","10.1007/s10493-024-00955-y","Pathogens detected in ticks (Ixodes ricinus) feeding on red squirrels (Sciurus vulgaris) from city parks in Warsaw.","Experimental & applied acarology","The European red squirrel (Sciurus vulgaris) is a common host for Ixodes ricinus ticks in urban and rural habitats, however, studies on ticks and tick-borne pathogens (TBPs) of squirrels have not been conducted in Poland yet. Thus, the aims of the current study were to assess and compare the prevalence and abundance of ticks on red squirrels trapped at two sites in the Warsaw area (in an urban forest reserve and an urban park) and using molecular tools, to assess the genetic diversity of three pathogens (Borrelia burgdorferi sensu lato, Rickettsia and Babesia spp.) in I. ricinus ticks collected from squirrels. For the detection of Rickettsia spp. a 750 bp long fragment of the citrate synthase gltA gene was amplified; for B. burgdorferi s.l. 132f/905r and 220f/824r primers were used to amplify the bacterial flaB gene fragments (774 and 605 bp, respectively) and for Babesia spp., a 550 bpfragment of 18S rRNA gene was amplified. In total, 91 red squirrels were examined for ticks. There were differences in tick prevalence and mean abundance of infestation in squirrels from the urban forest reserve and urban park. Three species of B. burgdorferi s.l., Rickettsia spp., and Babesia microti were detected in ticks removed from the squirrels. Our results broaden knowledge of S. vulgaris as an important host for immature I. ricinus stages and support the hypothesis that red squirrels act as a reservoir of B. burgdorferi. Moreover, we conclude that red squirrels may also play a role in facilitating the circulation of other pathogens causing serious risk of tick-borne diseases in natural and urban areas."
"38869727","10.1007/s10493-024-00927-2","Bacterial pathogens in Ixodes ricinus collected from lizards Lacerta agilis and Zootoca vivipara in urban areas of Wrocław, SW Poland- preliminary study.","Experimental & applied acarology","The aim of this study was to determine the level of infection of Ixodes ricinus ticks with pathogens (Borrelia spp., Rickettsia spp., and Anaplasma spp.) collected from Lacerta agilis and Zootoca vivipara lizards in the urban areas of Wrocław (SW Poland). The study was carried out in July-August 2020. Lizards were caught by a noose attached to a pole or by bare hands, identified by species, and examined for the presence of ticks. Each lizard was then released at the site of capture. Ticks were removed with tweezers, identified by species using keys, and molecular tests were performed for the presence of pathogens. From 28 lizards (17 specimens of Z. vivipara and 11 specimens of L. agilis) a total of 445 ticks, including 321 larvae and 124 nymphs, identified as I. ricinus were collected. A larger number of ticks were obtained from L. agilis compared to Z. vivipara. Molecular tests for the presence of pathogens were performed on 445 specimens of I. ricinus. The nested PCR method for the fla gene allowed the detection of Borrelia spp. in 9.4% of ticks, and it was higher in ticks from L. agilis (12.0%) than from Z. vivipara (1.0%). The RFLP method showed the presence of three species, including two belonging to the B. burgdorferi s.l. complex (B. lusitaniae and B. afzelii), and B. miyamotoi. The overall level of infection of Rickettsia spp. was 19.3%, including 27.2% in ticks collected from Z. vivipara and 17.0% from L. agilis. Sequencing of randomly selected samples confirmed the presence of R. helvetica. DNA of Anaplasma spp. was detected only in one pool of larvae collected from L. agilis, and sample sequencing confirmed the presence of (A) phagocytophilum. The research results indicate the important role of lizards as hosts of ticks and their role in maintaining pathogens in the environment including urban agglomeration as evidenced by the first recorded presence of (B) miyamotoi and (A) phagocytophilum in I. ricinus ticks collected from L. agilis. However, confirmation of the role of sand lizards in maintaining (B) miyamotoi and A. phagocytophilum requires more studies and sampling of lizard tissue."
"38668262","10.3390/pathogens13040307","Co-Occurrence of Borrelia burgdorferi Sensu Lato and Babesia spp. DNA in Ixodes ricinus Ticks Collected from Vegetation and Pets in the City of Poznań, Poland.","Pathogens (Basel, Switzerland)","Here, we described the prevalence of Borrelia burgdorferi s.l. and Babesia species found in mono- and double infections among Ixodes ricinus ticks occurring in urban areas of the city of Poznań, Poland. We tested 1029 host-seeking ticks and 1268 engorged ticks removed from pet animals. Borrelia afzelii and B. garinii prevailed both in ticks from vegetation (3.7% and 3.7%, respectively) and from pets (3.7% and 0.6%, respectively). Babesia canis and Ba. microti were the most prevalent in host-seeking (2.6% and 1.4%, respectively) and feeding ticks (2.8% and 2.2%, respectively). Babesia microti sequences proved to be identical to the human pathogenic Ba. microti genotype ""Jena/Germany"". Sequences of the rarest piroplasm Ba. venatorum (0.7%) were identical with those isolated from European patients. About 1.0% of tested ticks yielded dual infections; in host-seeking ticks, Ba. canis prevailed in co-infections with B. afzelii and B. garinii, whereas Ba. microti and B. afzelii dominated in double-infected feeding ticks. Dual infections, even with a low prevalence, pose a challenge for differential diagnosis in patients with acute febrile disease after a tick bite. The finding of Ba. canis in both tick groups suggests that I. ricinus could be involved in the circulation of this piroplasm."
"38485205","10.1111/zph.13124","Blood meal analysis reveals sources of tick-borne pathogens and differences in host utilization of juvenile Ixodes ricinus across urban and sylvatic habitats.","Zoonoses and public health","Urban green spaces are locations of maximal human activity, forming areas of enhanced risk for tick-borne disease (TBD) transmission. Being also limited in spatial scale, green spaces form prime targets for control schemes aiming to reduce TBD risk. However, for effective control, the key species maintaining local tick and tick-borne pathogen (TBP) populations must be identified. To determine how patterns of host utilization vary spatially, we utilized blood meal analysis to study the contributions of voles, shrews, squirrels, leporids and cervids towards blood meals and the acquisition of TBPs of juvenile Ixodes ricinus in urban and sylvatic areas in Finland.

A total of 1084 nymphs were collected from the capital city of Finland, Helsinki and from a sylvatic island in southwestern Finland, and subjected to qPCR analysis to identify DNA remnants of the previous host. We found significant differences in host contributions between urban and sylvatic environments. Specifically, squirrels and leporids were more common hosts in urban habitats, whereas cervids and voles were more common in sylvatic habitats. In addition to providing 18.4% of larval blood meals in urban habitats, red squirrels were identified as the source of 28.6% (n = 48) of Borrelia afzelii detections and 58.1% (n = 18) of Borrelia burgdorferi sensu stricto detections, indicating an important role for local enzootic cycles.

Our study highlights that the key hosts maintaining tick and TBP populations may be different in urban and sylvatic habitats. Likewise, hosts generally perceived as important for upkeep may have limited importance in urban environments. Consequently, targeting control schemes based on off-site data of host importance may lead to suboptimal results."
"38418856","10.1038/s41598-024-55021-9","Long term evaluation of factors influencing the association of ixodid ticks with birds in Central Europe, Hungary.","Scientific reports","Birds play a crucial role in disseminating ticks that carry pathogens of high veterinary-medical importance. The aim of this study was to analyze data of a long-term tick collection from birds at a single stop-over site in Central Europe, Hungary. Over eight years (2015-2022) 5833 ticks (ten species) were collected from 2395 tick-infested birds. The most abundant species were Ixodes ricinus (n = 3971) and Haemaphysalis concinna (n = 1706). Ixodes ricinus nymphs and larvae were the most frequently occurring on resident and short-distance migratory birds with forest habitat but Ha. concinna was the most abundant species on reed-associated, long-distance migrants. Haemaphysalis concinna occurred mostly on birds feeding above the ground level, while I. ricinus predominated on ground feeding birds. Infestation with I. ricinus nymphs always peaked in the first half of the year, in contrast to larvae which were more abundant on avian hosts in the autumn. At the same time, Ha. concinna larvae and nymphs had their peak numbers in the summer. This is the first long-term study on the tick infestation of birds in Central Europe. The study shows that, migration distance, habitat type, and typical feeding level of birds, as well as characteristics of tick life cycle are all key factors in the role of birds as tick disseminators. It was revealed that Savi's Warbler (Locustella luscinioides) is the most frequent hosts of Ha. concinna in Central Hungary."
"38336751","10.1186/s13071-024-06129-4","Mixed-sex clusters on grass blades: breeding strategy of the ornate dog tick, Dermacentor reticulatus.","Parasites & vectors","The ornate dog tick Dermacentor reticulatus is second only to the hard tick Ixodes ricinus in terms of importance as a vector of infectious organisms, especially of Babesia canis, the agent of canine babesiosis. Both the geographical range and local densities of D. reticulatus are steadily increasing in many regions of Europe. In the present study, we tested the hypothesis that D. reticulatus possesses an efficient breeding strategy that allows for a rapid increase in tick numbers and densities through the formation of mixed-sex clusters/aggregations while questing in the environment.

An observational study was carried out in the spring of 2023, at three sites in two regions in Central and North-Eastern Poland, both characterised by high tick densities. At each site, a 400-m-long transect was inspected for questing ticks. All noted ticks were collected, and tick numbers and sexes per stem were recorded. Differences in tick distribution by site and sex were analysed statistically.

A total of 371 D. reticulatus (219 females, 152 males) ticks were collected from 270 grass stems over a combined 1200 m of transect. The majority of grass stems (74.4%) were occupied by just a single individual, with two-tick clusters the second most common category. The maximum number of D. reticulatus individuals observed on a single grass stem was six. Mixed-sex clusters were significantly more common than single-sex clusters at all three sites. With study sites combined, mixed-sex clusters accounted for 17.4% (95% confidence limit [95% CL] 13.9-21.6%) of observations, while for multiple males and multiple females, the values were 2.6% (95% CL: 1.4-4.7%) and 5.6% (95% CL: 3.7-8.3%), respectively.

Mixed-sex clusters of D. reticulatus ticks were significantly more common than single-sex clusters, which we hypothesise reflects an efficient, likely pheromone-mediated breeding strategy of this expansive tick species."
"37764994","10.3390/pathogens12091186","Tick Activity, Host Range, and Tick-Borne Pathogen Prevalence in Mountain Habitats of the Western Carpathians, Poland.","Pathogens (Basel, Switzerland)","In mountainous regions, diverse ecosystems provide a habitat for numerous species of organisms. In this study, we focused on ixodid ticks and their presence in the Western Carpathians, Poland. Our objectives were to investigate the impact of environmental factors on tick occurrence and activity, the prevalence of vectored pathogens, and tick hosts, and their role as reservoir organisms for tick-borne pathogens (TBPs). To this end, we collected ticks from the vegetation and from animals (Apodemus agrarius, A. flavicollis, Capreolus capreolus, Microtus spp., Myodes glareolus, Ovis aries). In addition, we collected blood samples from rodents. The collected material underwent molecular analysis, utilizing the high-throughput microfluidic real-time PCR technique, to detect the presence of TBPs. Our findings confirmed the occurrence of only two species of ixodid ticks in the study area: the dominant Ixodes ricinus, and Dermacentor reticulatus with very limited abundance. Temperature significantly influenced tick activity, and the number of I. ricinus nymphs varied with altitude. We also observed a circadian pattern of questing activity in I. ricinus ticks. The main hosts for juvenile tick stages were M. glareolus and A. agrarius, while adult stages were frequently found on C. capreolus. I. ricinus ticks collected from the vegetation were often infected with Rickettsia helvetica (up to 35.71%), Borrelia afzelii (up to 28.57%), and Ehrlichia spp. (up to 9.52%). In contrast, juvenile stages frequently carried Bartonella spp. (up to 10.00%), Mycoplasma spp. (up to 16.67%) and R. helvetica (up to 16.67%). Moreover, we detected genetic material of Mycoplasma spp. (up to 100.00%), Ehrlichia spp. (up to 35.71%), Bartonella spp. (up to 25.00%), and Borrelia spp. (up to 6.25%) in rodent blood samples. The obtained results indicate A. agrarius and M. glareolus as reservoir animals for TBPs in the studied region."
"37760360","10.3390/ani13182960","Parasitic Arthropods of Soricinae Shrews in North-Eastern Poland.","Animals : an open access journal from MDPI","The study of the ectoparasite fauna of the insectivores-Sorex araneus, Sorex minutus, Neomys fodiens, and Neomys anomalus (subfamily Soricinae)-was carried out in three locations in Poland: Białowieża National Park, Kosewo Górne in the Masurian Lake District, and in vicinity of Warsaw. Three species of Ixodidae ticks, eleven species of fleas, and four species of mites from the order Mesostigmata were noted. The most numerous ectoparasites are ticks Ixodes ricinus (larvae), Dermacentor reticulatus (nymphs), and fleas Palaeopsylla soricis, Megabothris walkeri, and Hystrichopsylla orientalis. These species show the highest prevalence and show the highest dominance index. The parasitofauna of S. araneus is much richer in species than other shrew species. The structure and dominance of parasite assemblages differ between locations."
"37512839","10.3390/microorganisms11071666","Spatial and Temporal Variability in Prevalence Rates of Members of the Borrelia burgdorferi Species Complex in Ixodes ricinus Ticks in Urban, Agricultural and Sylvatic Habitats in Slovakia.","Microorganisms","Lyme borreliosis (LB) is the most prevalent tick-borne human infection in Europe, with increasing incidence during the latest decades. Abundant populations of Ixodes ricinus, the main vector of the causative agent, spirochetes from the Borrelia burgdorferi sensu lato (Bbsl) complex, have been observed in urban and suburban areas of Europe, in general, and Slovakia, particularly. Understanding the spread of infectious diseases is crucial for implementing effective control measures. Global changes affect contact rates of humans and animals with Borrelia-infected ticks and increase the risk of contracting LB. The aim of this study was to investigate spatial and temporal variation in prevalence of Bbsl and diversity of its species in questing I. ricinus from three sites representing urban/suburban, natural and agricultural habitat types in Slovakia. Ixodes ricinus nymphs and adults were collected by dragging the vegetation in green areas of Bratislava town (urban/suburban habitat), in the Small Carpathians Mountains (natural habitat) (south-western Slovakia) and in an agricultural habitat at Rozhanovce in eastern Slovakia. Borrelia presence in ticks was detected by PCR and Bbsl species were identified by restriction fragment length polymorphism (RFLP). Borrelia burgdorferi s.l. species in coinfected ticks were identified by reverse line blot. Significant spatial and temporal variability in prevalence of infected ticks was revealed in the explored habitats. The lowest total prevalence was detected in the urban/suburban habitat, whereas higher prevalence was found in the natural and agricultural habitat. Six Bbsl species were detected by RFLP in each habitat type -B. burgdorferi sensu stricto (s.s.), B. afzelii, B. garinii, B. valaisiana, B. lusitaniae and B. spielmanii. Coinfections accounted for 3% of the total infections, whereby B. kurtenbachii was identified by RLB and sequencing in mixed infection with B. burgdorferi s.s, B. garinii and B. valaisiana. This finding represents the first record of B. kurtenbachii in questing I. ricinus in Slovakia and Europe. Variations in the proportion of Bbsl species were found between nymphs and adults, between years and between habitat types. Spatial variations in prevalence patterns and proportion of Bbsl species were also confirmed between locations within a relatively short distance in the urban habitat. Habitat-related and spatial variations in Borrelia prevalence and distribution of Bbsl species are probably associated with the local environmental conditions and vertebrate host spectrum. Due to the presence of Borrelia species pathogenic to humans, all explored sites can be ranked as areas with high epidemiological risk."
"37248739","10.1111/zph.13049","Prevalence of tick-borne encephalitis virus in questing Ixodes ricinus nymphs in southern Scandinavia and the possible influence of meteorological factors.","Zoonoses and public health","Ixodes ricinus ticks are Scandinavia's main vector for tick-borne encephalitis virus (TBEV), which infects many people annually. The aims of the present study were (i) to obtain information on the TBEV prevalence in host-seeking I. ricinus collected within the Øresund-Kattegat-Skagerrak (ØKS) region, which lies in southern Norway, southern Sweden and Denmark; (ii) to analyse whether there are potential spatial patterns in the TBEV prevalence; and (iii) to understand the relationship between TBEV prevalence and meteorological factors in southern Scandinavia. Tick nymphs were collected in 2016, in southern Scandinavia, and screened for TBEV, using pools of 10 nymphs, with RT real-time PCR, and positive samples were confirmed with pyrosequencing. Spatial autocorrelation and cluster analysis was performed with Global Moran's I and SatScan to test for spatial patterns and potential local clusters of the TBEV pool prevalence at each of the 50 sites. A climatic analysis was made to correlate parameters such as minimum, mean and maximum temperature, relative humidity and saturation deficit with TBEV pool prevalence. The climatic data were acquired from the nearest meteorological stations for 2015 and 2016. This study confirms the presence of TBEV in 12 out of 30 locations in Denmark, where six were from Jutland, three from Zealand and two from Bornholm and Falster counties. In total, five out of nine sites were positive from southern Sweden. TBEV prevalence of 0.7%, 0.5% and 0.5%, in nymphs, was found at three sites along the Oslofjord (two sites) and northern Skåne region (one site), indicating a potential concern for public health. We report an overall estimated TBEV prevalence of 0.1% in questing I. ricinus nymphs in southern Scandinavia with a region-specific prevalence of 0.1% in Denmark, 0.2% in southern Sweden and 0.1% in southeastern Norway. No evidence of a spatial pattern or local clusters was found in the study region. We found a strong correlation between TBEV prevalence in ticks and relative humidity in Sweden and Norway, which might suggest that humidity has a role in maintaining TBEV prevalence in ticks. TBEV is an emerging tick-borne pathogen in southern Scandinavia, and we recommend further studies to understand the TBEV transmission potential with changing climate in Scandinavia."
"37172512","10.1016/j.ttbdis.2023.102188","Exposure of dogs and cats to Borrelia miyamotoi infected Ixodes ricinus ticks in urban areas of the city of Poznań, west-central Poland.","Ticks and tick-borne diseases","Borrelia miyamotoi is an emerging human pathogen that causes a relapsing fever-like disease named B. miyamotoi disease. The bacterium belongs to the relapsing fever borreliae, and similar to spirochetes of the Borrelia burgdorferi sensu lato group, it is transmitted only by hard ticks of the Ixodes ricinus complex. To date, B. miyamotoi has not been demonstrated to cause illness in dogs or cats, and is poorly documented in veterinary medicine. The aim of this study was to determine the B. miyamotoi presence in (i) host-seeking ticks and (ii) engorged Ixodes sp. ticks collected from dogs and cats during their inspection in veterinary clinics of the city of Poznań, west-central Poland. Host-seeking ticks were sampled in dog walking areas localized in urban forested recreational sites of the city. In this study, 1,059 host-seeking and 837 engorged I. ricinus ticks collected from 680 tick-infested animals (567 dogs and 113 cats) were screened. Additionally, 31 I. hexagonus ticks (one larva, 13 nymphs, and 17 females) were collected from three cats; one larva and one nymph were collected from two dogs; and one dog was infested with a single Dermacentor reticulatus female. Borrelia DNA was identified by the amplification and sequencing of the V4 hypervariable region of the 16S rRNA gene and flaB gene fragments. DNA of B. miyamotoi was detected in 22 (2.1%) of the host-seeking ticks (in all developmental tick stages and in all study areas). In addition, the engorged I. ricinus ticks exhibited a similar B. miyamotoi presence (1.8%). Fifteen I. ricinus ticks collected from animals tested positive for the presence of B. miyamotoi DNA, and the DNA of B. miyamotoi was observed in three (9.1%; one female and two nymphs) I. hexagonus ticks. The single D. reticulatus female collected from a dog tested PCR-negative for the bacterium. The results of this study demonstrated the establishment and broad presence of the bacterium in tick populations from different urban ecosystems of the city of Poznań. The lack of difference in the mean infection presence of animal-derived and host-seeking I. ricinus ticks suggests that the systematic surveillance of pets may be useful for the evaluation of human exposure to B. miyamotoi infected ticks in urban areas. Additional studies are required to further elucidate the role of domestic and wild carnivores in the epidemiology of B. miyamotoi, which remains unknown."
"37110304","10.3390/microorganisms11040881","Features of Engorgement of Ixodes ricinus Ticks Infesting the Northern White-Breasted Hedgehog in an Urban Park.","Microorganisms","In this work we exploited the parallel dense tick and hedgehog populations of an urban park in Budapest, Hungary as a good host-parasite model to obtain detailed data about this physiological relationship. Over a 27-week period from April to October, 57 hedgehogs were captured in an urban park and kept for 10-14 days in animal house. All dropped off ticks were sampled, which allowed us to draw more a detailed picture of Ixodes ricinus-hedgehog relationships. The results indicated that the hedgehog is an effective host for ticks (prevalence: 100%) and the mean intensity of infestation was 83.25. Of the male ticks, 68.42% dropped off dead; 1.56% of the dropped off nymphs and 11.4% of the larvae finished their bloodmeal with red cuticles, while 5.79% of the females could not finish their blood meal, and dropped off dried, dead, or shrunken. We applied novel statistical methods of survival analysis of prevalent cohorts to estimate the whole attachment times of ticks from the observed attachment times, having no information about when the ticks attached to their hosts. Mean attachment times were 4 days for larvae, 5 days for nymphs, 10 days for females, and 8 days for males. On the first day after capture of the hosts, fewer females, nymphs, and larvae detached engorged than had been predicted, but this was not true for males. Mean intensity of infestation per host was 1.4 for males, 6.7 for females, 45.0 for nymphs, and 29.3 for larvae. As regards seasonality, the activity of all stages of ticks consisted of several smaller peaks and considerably differed by season. Studies of the dense tick-host populations of this natural habitat could provide further valuable data about tick-host relations, the data of which cannot be drawn from most other hedgehog habitats."
"37035818","10.3389/fvets.2023.1147186","Ornithological and molecular evidence of a reproducing Hyalomma rufipes population under continental climate in Europe.","Frontiers in veterinary science","Reports on adult Hyalomma ticks in certain regions of the Carpathian Basin date back to the 19th century. These ticks were thought to emerge from nymphs dropping from birds, then molting to adults. Although the role of migratory birds in carrying ticks of this genus is known from all parts of Europe, in most countries no contemporaneous multiregional surveillance of bird-associated ticks was reported which could allow the recognition of hotspots in this context. From 38 passeriform bird species 956 ixodid ticks were collected at seven locations in Hungary. Tick species were identified as Ixodes ricinus (n = 598), Ixodes frontalis (n = 18), Ixodes lividus (n = 6), Haemaphysalis concinna (n = 321), and D. reticulatus (n = 1). All 12 Hyalomma sp. ticks (11 engorged nymphs and 1 unengorged larva) were identified as H. rufipes based on three mitochondrial markers. This species was only found in the Transdanubian region and along its southeastern border. The Common Blackbird and the European Robin were the two main hosts of I. ricinus and I. frontalis, whereas H. concinna was almost exclusively collected form long-distance migrants. The predominant hosts of H. rufipes were reed-associated bird species, the Sedge Warbler and the Bearded Reedling, both in their nesting period. This study provides ornithological explanation for the regional, century-long presence of adult Hyalomma ticks under continental climate in the Transdanubian Region of the Carpathian Basin. More importantly, the autochthonous occurrence of a H. rufipes population was revealed for the first time in Europe, based on the following observations: (1) the bird species infested with H. rufipes are not known to migrate during their nesting period; (2) one larva was not yet engorged; (3) the larva and the nymphs must have belonged to different local generations; and (4) all H. rufipes found in the relevant location were identical in their haplotypes based on three maternally inherited mitochondrial markers, probably reflecting founder effect. This study also demonstrated regional and temporal differences in tick species carried by birds."
"36896712","10.1111/mve.12648","Tick-borne pathogens in ticks from urban and suburban areas of north-western Spain: Importance of Ixodes frontalis harbouring zoonotic pathogens.","Medical and veterinary entomology","To identify the questing tick populations in urban and suburban areas from the city of Lugo (NW Spain), ticks were collected monthly by flagging. The presence of Borrelia spp., Rickettsia spp. and Anaplasma phagocytophilum also was determined by polymerase chain reaction (PCR) and sequence analysis. Overall, 342 questing ticks were collected; the tick abundance was higher in suburban (95.9%) than in urban areas (4.1%). Ixodes frontalis was the most abundant (86.5%); 88.5% were larvae, 11.1% nymphs and 0.3% adults. All development stages of I. ricinus (7.3%) and adults of Rhipicephalus sanguineus sensu lato (5.8%) and Dermacentor reticulatus (0.3%) were found. Rickettsia spp. (31.9%) was more prevalent than Borrelia spp. (2.7%); no ticks were positive to A. phagocytophilum. Six Rickettsia species were identified (R. slovaca, R. monacensis, R. massiliae, R. raoultii, R. sibirica subsp. mongolitimonae and R. aeschielmanii); Candidatus Rickettsia rioja and two novel Rickettsia species also were detected. In addition, Borrelia turdi (1.8%) and B. valaisiana (0.9%) were identified in Ixodes ticks. This is the first report of R. slovaca in R. sanguineus s.l. and of R. monacensis, R. raoultii, R. slovaca, R. sibirica subsp. mongolitimonae and Ca. R. rioja in I. frontalis. Since most of the pathogens detected are zoonotic, their presence in these areas may have implications for public health."
"36335680","10.1016/j.ttbdis.2022.102074","15-year Borrelia prevalence and species distribution monitoring in Ixodes ricinus/inopinatus populations in the city of Hanover, Germany.","Ticks and tick-borne diseases","Lyme borreliosis, caused by Borrelia burgdorferi sensu lato (s.l.) spirochaetes, is the most common tick-borne disease (TBD) in the Northern Hemisphere. Rising incidences indicate that its epidemiology may be affected by global changes. Therefore, the current study aimed to assess changes in tick infection rates with Borrelia spp. over a 15-year monitoring period in the city of Hanover, Germany, as a follow-up to previous prevalence studies (years 2005, 2010 and 2015). To assess the epidemiological risk, ticks of the Ixodes ricinus/inopinatus-complex were sampled from April to October 2020 by the flagging method at 10 frequently visited recreation areas in Hanover. Analysis by quantitative real-time PCR of 2100 individual ticks revealed an overall Borrelia prevalence of 25.5% (535/2100). Regarding different tick developmental stages, nymphs showed a significantly lower Borrelia prevalence (18.4% [193/1050]) than adult ticks (32.6% [342/1050]). Comparison with previous years revealed a stable total Borrelia prevalence along with consistent infection rates in the different developmental stages over the 15-year monitoring period. Borrelia species differentiation by Reverse Line Blot was successful in 67.3% of positive ticks collected in 2020, with B. afzelii being the dominating species (59.2% of the differentiated infections), besides B. burgdorferi sensu stricto (s.s.), B. garinii, B. valaisiana, B. spielmanii, B. bavariensis and B. bissettiae and the relapsing fever spirochaete B. miyamotoi. Additionally, the proportion of infections attributed to B. afzelii showed a significant increase in 2020 compared to 2005 and 2015 (59.2% vs. 37.6% and 32.0% of successfully differentiated infections, respectively). Coinfections with Anaplasma phagocytophilum and Rickettsia spp. stayed stable comparing 2020 with previous years. Therefore, although changes in the Borrelia prevalence in questing ticks were not observed throughout the 15-year monitoring period, shifts in Borrelia species distribution may alter the epidemiological risk."
"36126494","10.1016/j.ttbdis.2022.102042","The first detection of relapsing fever spirochete Borrelia miyamotoi in Ixodes ricinus ticks from the northeast Czech Republic.","Ticks and tick-borne diseases","Borrelia miyamotoi, a relapsing fever spirochete, is considered a human pathogen. Knowledge of this borrelia is currently limited. Data about its potential impact on public health, circulation in nature, or its occurrence in natural environments are insufficient. For our study, a total of 505 questing Ixodes ricinus ticks (337 nymphs, 85 females and 83 males) from Hradec Králové Region in the Czech Republic were collected. Additionally, 160 winged Lipoptena deer keds from Hradec Králové Region, from Pardubice Region, Czech Republic, and from one location in western Slovakia were collected. The presence of B. miyamotoi in ticks and deer keds was determined using polymerase chain reaction (PCR) targeting a gene encoding glycerophosphodiester phosphodiesterase (glpQ), antigenic protein specific to the relapsing fever spirochetes. Borrelia miyamotoi was identified in six nymphs and four females of I. ricinus ticks. The overall prevalence was 2%. None of the examined Lipoptena specimens were found to be infected. Although no human case of infection with B. miyamotoi has been reported in the Czech Republic yet, this spirochete is widespread in ticks, and therefore the risk of human infection exists."
"36015008","10.3390/pathogens11080887","Molecular Prevalence of Selected Tick-Borne Pathogens in Dermacentor reticulatus Collected in a Natural Park in Italy.","Pathogens (Basel, Switzerland)","Dermacentor reticulatus is one of the most important vectors of tick-borne pathogens (TBPs) in Europe causing diseases in animals and humans. A longitudinal study was planned, aimed to detect the molecular prevalence of tick-borne pathogens, i.e., Babesia spp. and the spotted fever group Rickettsiae, and its seasonal variation in D. reticulatus questing ticks to define the temporal infection risk. Ticks were collected monthly over a period of 15 months in a peri-urban park in Lombardy, Italy. DNA extraction and molecular analyses were performed. Statistical analysis was carried out. Out of 488, 53 (P = 10.9%) adult questing ticks were positive for Babesia DNA. A higher prevalence was revealed in male (32/241, P = 13.3%) than in female (21/247, P = 8.5%) ticks. Positive ticks were mostly collected in winter months (P = 13.3%) compared to early (P = 7.9) and late (P = 12.8) spring months. A similar percentage of positive ticks was evidenced in transects 1 and 3 (5.8% and 6.5%, respectively); instead, a significant higher prevalence was recorded in transect 2 (P = 16.0%). Obtained sequences confirmed a homology of 100% with B. canis sequences deposited in GenBank. No ticks tested positive for Rickettsia spp. DNA (0/488, P = 0%). The conspicuous circulation of B. canis infection in D. reticulatus adult questing ticks confirms their role in the epidemiology of canine babesiosis and requires preventive measures for dogs in this recreational area. Even if no tick was positive for the spotted fever group Rickettsia, its capacity as a vector of zoonotic pathogens should not be neglected."
"35662065","10.1016/j.ttbdis.2022.101975","A 15-year monitoring of Rickettsiales (Anaplasma phagocytophilum and Rickettsia spp.) in questing ticks in the city of Hanover, Germany.","Ticks and tick-borne diseases","Rickettsiales (Anaplasma phagocytophilum and Rickettsia spp.) are regarded as potentially emerging tick-borne pathogens and may change in abundance in response to global climate change. However, continuous monitoring on their prevalence in questing ticks is only available for the northern German city of Hanover. In the presented follow-up of this long-term study, 2100 questing ticks of the Ixodes ricinus/Ixodes inopinatus-complex collected from April to October 2020 at ten different recreation sites in Hanover were individually analysed for Rickettsia and A. phagocytophilum infection by quantitative real-time PCR. Together with previous results from years 2005, 2010 and 2015, the current study allows to assess potential changes in tick infection rates with Rickettsiales over a 15-year monitoring period. In 2020, 3.0% (63/2100) of ticks were infected with A. phagocytophilum, 36.0% (756/2100) with Rickettsia spp. and 1.2% (26/2100) with both pathogens. Regarding the different developmental tick stages, nymphs showed a significantly lower A. phagocytophilum prevalence of 0.5% (5/1050) than adult ticks (5.5% [58/1050]) as well as compared to females (5.4% [38/700]) and males (5.7% [20/350]). For Rickettsia spp., nymphs also showed a lower prevalence of 33.2% (349/1050) with a significant difference to adult ticks (38.8% [407/1050]) and female ticks (40.7% [285/700]), while males had a Rickettsia infection rate of 34.9% (122/350). Comparison with previous years indicated a stable A. phagocytophilum prevalence over the 15-year monitoring period. In contrast, fluctuating Rickettsia prevalences were observed, with a peak in 2015 in all developmental stages, but similar infection rates in 2005 and 2020. Therefore, epidemiological changes in response to climate change are not (yet) evident. Nevertheless, the long-term monitoring study will be continued in the future, as climatic impacts on tick and reservoir host populations may have a delayed effect on pathogen prevalence and, consequently, transmission to humans and domestic animals."
"35631063","10.3390/pathogens11050542","The Risk of Exposure to Ticks and Tick-Borne Pathogens in a Spa Town in Northern Poland.","Pathogens (Basel, Switzerland)","The aim of this study was to determine the potential risk of human exposure to tick-borne infection in a recreation areas in a spa town located in northern Poland. Questing Ixodes ricinus and Dermacentor reticulatus ticks were collected in the spring of 2018. Tick-borne microorganisms were detected by PCR. Species were identified based on RFLP and the sequencing of DNA. In total, 38.3% of the ticks (34.6% of I. ricinus and 48.6% of D. reticulatus) were infected. The prevalence was 14.9% for Borrelia spp., 10.6% for Babesia spp. and 17.7% for Rickettsia spp. No Anaplasma phagocytophilum was detected. Spirochaetes B. afzelii, B. garinii and B. burgdorferi s.s. were detected only in I. ricinus ticks (20.2%). The differences in the infection rates of Babesia spp. between I. ricinus (7.7%) and D. reticulatus (18.9%) were not significant. DNA of B. canis and B. venatorum were identified in both tick species. B. microti were detected in D. reticulatus ticks. The prevalence of Rickettsia spp. was significantly higher in D. reticulatus (37.8%) than that in I. ricinus (10.6%). R. raoultii was identified only in D. reticulatus and R. helvetica in I. ricinus. Co-infections of at least two pathogens were recognized in 13% of positive ticks."
"35456822","10.3390/microorganisms10040772","Prevalence of Borrelia burgdorferi Sensu Lato in Ixodes ricinus Ticks Collected from Kaylaka Park in Pleven, Bulgaria.","Microorganisms","We aimed to determine the presence and distribution of Borrelia burgdorferi sensu lato (s.l.) in Ixodes ricinus ticks collected from urbanized and wild areas in Kaylaka Park (Bulgaria). A total of 546 ticks were collected over three years (2017-2019). The presence of Borrelia in 334 of the collected I. ricinus was detected by dark-field microscopy (DFM) and two nested PCRs (nPCR) targeting the borrelial 5S-23S rRNA intergenic spacer and Flagellin B (FlaB) gene. DFM was performed on a total of 215 ticks, of which 86 (40%) were positive. PCR was performed on 153 of the ticks. In total, 42.5% of the 5S-23S rRNA intergenic spacer and 49% of FlaB were positive. Considering as positive any single tick in which Borrelia sp. was detected regardless of the used method, the infection rate reached 37% (10/27) in the nymphs and 48.5% (149/307) in the adults (48.7% (77/158) females, 48.3% (72/149) males). The incidence of B. burgdorferi infection in I. ricinus did not differ statistically significantly between female, male, and nymph. This study provides evidence that Lyme disease spirochetes are present in various regions of Kaylaka Park with extremely high prevalence in their vectors."
"35456142","10.3390/pathogens11040468","Prevalence of Tick-Borne Pathogens in Questing Ixodes ricinus and Dermacentor reticulatus Ticks Collected from Recreational Areas in Northeastern Poland with Analysis of Environmental Factors.","Pathogens (Basel, Switzerland)","Ticks, such as Ixodes ricinus and Dermacentor reticulatus, act as vectors for multiple pathogens posing a threat to both human and animal health. As the process of urbanization is progressing, those arachnids are being more commonly encountered in urban surroundings. In total, 1112 I. ricinus (n = 842) and D. reticulatus (n = 270) ticks were collected from several sites, including recreational urban parks, located in Augustów and Białystok, Poland. Afterwards, the specimens were examined for the presence of Borrelia spp., Babesia spp., Anaplasma phagocytophilum, Rickettsia spp., Bartonella spp., and Coxiella burnetii using the PCR method. Overall obtained infection rate reached 22.4% (249/1112). In total, 26.7% (225/842) of I. ricinus was infected, namely with Borrelia spp. (25.2%; 212/842), Babesia spp. (2.0%; 17/842), and A. phagocytophilum (1.2%; 10/842). Among D. reticulatus ticks, 8.9% (24/270) were infected, specifically with Babesia spp. (7.0%; 19/270), A. phagocytophilum (1.1%; 3/270), and Borrelia burgdorferi s.l. (0.7%; 2/270). No specimen tested positively for Rickettsia spp., Bartonella spp., or Coxiella burnetii. Co-infections were detected in 14 specimens. Results obtained in this study confirm that I. ricinus and D. reticulatus ticks found within the study sites of northeastern Poland are infected with at least three pathogens. Evaluation of the prevalence of pathogens in ticks collected from urban environments provides valuable information, especially in light of the growing number of tick-borne infections in humans and domesticated animals."
"35306450","10.1016/j.ttbdis.2022.101936","Diversity of tick species and associated pathogens on peri-urban wild boars - First report of the zoonotic Babesia cf. crassa from Hungary.","Ticks and tick-borne diseases","Wild boars show increasing numbers and population densities throughout Europe, including Hungary. While their presence is appreciated as game animals, they are also responsible for significant agricultural damage, habitat degradation and water quality issues. In addition, wild boars may harbor ticks and can act as reservoirs of tick-borne pathogens, thus posing a risk of transmission towards humans and domestic animals. This latter aspect of their veterinary-medical and epidemiological significance has become especially important in recent years, because increasing numbers of wild boars are reported to enter urban areas. Despite of this, reports on tick infestations of wild boars are scarce in Europe. For this study, 333 ixodid ticks were collected from 51 wild boars at 32 peri-urban locations in 14 counties of Hungary, during 2005-2008 (older samples) and 2019-2020 (new samples). Five species of ticks were identified: Dermacentor reticulatus (n = 165), Ixodes ricinus (n = 90) and Haemaphysalis concinna (n = 29) in both sample groups, while H. inermis (n = 29) and D. marginatus (n = 20) were only found among the old samples. The seasonality of collected ticks corresponded to their known activities. After DNA extraction, ticks were screened for three groups of tick-borne pathogens. All samples were negative for brucellae, recently reported to be carried and transmitted transovarially by D. marginatus. Four D. reticulatus contained Babesia canis DNA, while in one H. concinna nymph the recently discovered zoonotic B. cf. crassa (reported in Slovenia within 80 km of our sampling site) was detected. In addition, Anaplasma phagocytophilum was identified in D. reticulatus (n = 1), H. concinna (n = 3) and in its known vector, I. ricinus (n = 15). Phylogenetically, three out of four A. phagocytophilum genotypes clustered with zoonotic ones. In conclusion, despite of the high prevalence of Brucella suis in wild boars in Hungary, no evidence was found in support of the epidemiological role of ticks in transmitting brucellae. On the other hand, wild boars might introduce B. canis-carrier D. reticulatus into urban areas, unlike birds (which are not known to carry this tick species in the country). Most importantly, tick-infested wild boars can contribute to the spread of a novel zoonotic Babesia sp. and of the zoonotic variants of A. phagocytophilum."
"35208700","10.3390/microorganisms10020245","Impact of Different Anthropogenic Environments on Ticks and Tick-Associated Pathogens in Alsace, a French Region Highly Endemic for Tick-Borne Diseases.","Microorganisms","Ticks and tick-borne diseases have spread over the last decades. In parallel, the incidence in humans, accidental hosts for most of these zoonotic diseases, has increased. This epidemiological intensification can be associated with anthropogenic alterations of forest ecosystems and animal biodiversity, but also with socioeconomic changes. Their proliferation is largely due to human-induced effects on the factors that favor the circulation of these infectious agents. We selected different types of anthropogenic environments in Alsace, a region endemic for tick-borne diseases in France, to better understand the impact of human interventions on tick populations and tick-borne disease incidence. Ticks were collected in one golf course, three urban parks, one mid-mountain forest, and one alluvial forest that is currently part of a protected natural area. Ixodes ricinus was found primarily in humid vegetation, which is favorable for tick survival, such as grounds populated with trees and covered with leaf litter. We also observed that reforestation and high animal biodiversity in a protected area such as the alluvial forest led to a greater number of ticks, including both Ixodes&nbsp;ricinus and Dermacentor reticulatus, as well as to a higher prevalence of pathogens such as Borrelia burgdorferi sensu lato, Anaplasma&nbsp;phagocytophilum, Borrelia miyamotoi, and Rickettsia raoulti."
"35033159","10.1186/s13071-022-05150-9","Metabarcoding reveals low prevalence of microsporidian infections in castor bean tick (Ixodes ricinus).","Parasites & vectors","Microsporidia is a large group of eukaryotic obligate intracellular spore-forming parasites, of which 17 species can cause microsporidiosis in humans. Most human-infecting microsporidians belong to the genera Enterocytozoon and Encephalitozoon. To date, only five microsporidian species, including Encephalitozoon-like, have been found in hard ticks (Ixodidae) using microscopic methods, but no sequence data are available for them. Furthermore, no widespread screening for microsporidian-infected ticks based on DNA analysis has been carried out to date. Thus, in this study, we applied a recently developed DNA metabarcoding method for efficient microsporidian DNA identification to assess the role of ticks as potential vectors of microsporidian species causing diseases in humans.

In total, 1070 (493 juvenile and 577 adult) unfed host-seeking Ixodes ricinus ticks collected at urban parks in the city of Poznan, Poland, and 94 engorged tick females fed on dogs and cats were screened for microsporidian DNA. Microsporidians were detected by PCR amplification and sequencing of the hypervariable V5 region of 18S rRNA gene (18S profiling) using the microsporidian-specific primer set. Tick species were identified morphologically and confirmed by amplification and sequencing of the shortened fragment of cytochrome c oxidase subunit I gene (mini-COI).

All collected ticks were unambiguously assigned to I. ricinus. Potentially zoonotic Encephalitozoon intestinalis was identified in three fed ticks (3.2%) collected from three different dogs. In eight unfed host-seeking ticks (0.8%), including three males (1.1%), two females (0.7%) and three nymphs (0.7%), the new microsporidian sequence representing a species belonging to the genus Endoreticulatus was identified.

The lack of zoonotic microsporidians in host-seeking ticks suggests that I. ricinus is not involved in transmission of human-infecting microsporidians. Moreover, a very low occurrence of the other microsporidian species in both fed and host-seeking ticks implies that mechanisms exist to defend ticks against infection with these parasites."
"34929605","10.1016/j.ttbdis.2021.101887","First isolation of Borrelia lusitaniae DNA from green lizards (Lacerta viridis) and Ixodes ricinus ticks in the Czech Republic.","Ticks and tick-borne diseases","This study aimed to reveal whether green lizards (Lacerta viridis), common hosts of tick larvae and nymphs, might be involved in the transmission cycle of Borrelia burgdorferi sensu lato in the Czech Republic. Green lizards were sampled in two areas at the Tiché Údolí Nature Reserve (site A: 50.1482 N, 14.3669E; site B: 50.1476 N, 14.3745 E), Central Bohemian Region, Czech Republic. The skin biopsy specimens and attached ticks (if any) were collected from 52 captured lizards. Also, questing ticks from both areas were collected by flagging. The touchdown polymerase chain reaction and gel electrophoresis revealed Borrelia lusitaniae in three lizard tissue samples. Most lizards (19/30, 63%) had at least one Borrelia positive tick. Borrelia lusitaniae formed 92% (34/37) and 59% (17/29) of all borreliae detected in larvae and nymphs, respectively. Borrelia lusitaniae (6/10, 60%) was also the major pathogen in questing nymphs from site B. At site A, 13% (2/16) of questing nymphs were positive for B. lusitaniae. Based on our data, it can be assumed that B. lusitaniae is a common pathogen at lizard sites in the Czech Republic, and further research to prove this hypothesis is therefore highly recommended. As lizards often inhabit urban areas, the data presented may also contribute to raising awareness of the possible spread and risk of Borrelia infection."
"34280697","10.1016/j.ttbdis.2021.101786","Prevalence of Babesia canis DNA in Ixodes ricinus ticks collected in forest and urban ecosystems in west-central Poland.","Ticks and tick-borne diseases","Babesia canis, a widely distributed European tick-borne protozoan haemoparasite, causes canine babesiosis, the most important tick-borne disease afflicting dogs worldwide. The meadow tick, Dermacentor reticulatus, is considered to be the primary vector of this parasite in central Europe. Females of the more broadly distributed and medically important castor bean tick, Ixodes ricinus, also commonly feed upon dogs, but their role in the enzootic transmission cycle of B. canis is unclear. Here, we screened 1,598 host-seeking I. ricinus ticks collected from two different ecosystems, forest stands vs. urban recreational forests, for the presence of B. canis DNA. Ticks were sampled during their two seasonal peaks of activity, spring (May/June) and late summer (September). Babesia species were identified by amplification and sequencing of a hypervariable 18S rRNA gene fragment. Babesia canis was the only piroplasm detected in 13% of 200 larvae and 8.2% of 324 nymphs in the forest ecosystems. In urban recreational areas, B. canis DNA was found in 1.5% of 460 nymphs, 3.5% of 289 females and 3.2% of 280 males. Additionally, three samples, including one female, one male, and one nymph, were co-infected with B. venatorum and one nymph with B. divergens or B. capreoli. Our findings implicate that B. canis can be transmitted transovarially and maintained transstadially within populations of I. ricinus, but the vector competence of I. ricinus for transmitting B. canis remains to be investigated."
"32969182","10.1111/zph.12767","Enhanced threat of tick-borne infections within cities? Assessing public health risks due to ticks in urban green spaces in Helsinki, Finland.","Zoonoses and public health","Most tick-related studies in Europe have been conducted in nonurban areas, but ticks and tick-borne pathogens also occur in urban green spaces. From a public health perspective, risks regarding tick-borne infections should be studied in these urban areas, where contacts between infected ticks and humans may be more frequent than elsewhere, due to high human activity. We examined the risk of encountering an infected tick in urban green spaces in Helsinki, Finland. We collected ticks at nine sites throughout Helsinki, recorded the prevalence of several pathogens and identified areas with a high potential for contacts between infected ticks and humans. Moreover, we explored the relationship between the density of Borrelia burgdorferi sensu lato-infected ticks and locally diagnosed cases of borreliosis and compared the potential for human-tick encounters in Helsinki to those in nonurban areas in south-western Finland. During 34.8 km of cloth dragging, 2,417 Ixodes ricinus were caught (402 adults, 1,399 nymphs and 616 larvae). From analysed nymphs, we found 11 distinct tick-borne pathogens, with 31.5% of nymphs carrying at least one pathogen. Tick activity was highest in August and September, leading to the density of nymphs infected with B. burgdorferi s.l., and concurrently infection risk, to also be highest during this time. Nymph densities varied between the sampling sites, with obvious implications to spatial variation in infection risk. While ticks and tick-borne pathogens were found in both Helsinki and nonurban areas in south-western Finland, the estimates of human activity were generally higher in urban green spaces, leading to a higher potential for human-tick contacts therein. The presence of ticks and tick-borne pathogens and high local human activity in urban green spaces suggest that they form potential foci regarding the acquisition of tick-borne infections. Risk areas within cities should be identified and knowledge regarding urban ticks increased."
