"ID","Sygnatura czasowa"
"TIC000001",2026-07-30 13:47:39.729
"TIC000002",2026-07-30 13:54:20.306
"TIC000003",2026-07-30 14:25:32.739
"TIC000004",2026-07-30 14:27:01.091
"TIC000005",2026-07-30 14:28:59
"TIC000006",2026-07-30 14:30:16.511
"TIC000007",2026-07-31 09:31:55.964
"TIC000008",2026-07-31 09:33:34.832
"TIC000009",2026-07-31 09:35:41.286
"TIC000010",2026-07-31 09:38:03.494999
"TIC000011",2026-07-31 09:43:15.804
"TIC000012",2026-07-31 09:45:25.718
"TIC000013",2026-07-31 09:51:52.109
"TIC000014",2026-07-31 09:53:41.694
"TIC000015",2026-07-31 10:04:05.027
"TIC000016",2026-07-31 10:06:24.406
"TIC000017",2026-07-31 11:42:31.555
"TIC000018",2026-07-31 11:45:07.039001
"TIC000019",2026-07-31 12:56:32.441999
"TIC000020",2026-07-31 12:57:53.349
"TIC000021",2026-07-31 13:04:04.283
"TIC000022",2026-07-31 13:09:46.062
"TIC000023",2026-07-31 13:23:02.174
"TIC000024",2026-07-31 14:25:53.754
"TIC000025",2026-07-31 14:28:35.596
"TIC000026",2026-07-31 14:31:32.647
"TIC000027",2026-07-31 14:34:21.299
"TIC000028",2026-07-31 14:35:56.852
"TIC000029",2026-07-31 14:40:45.312
"TIC000030",2026-08-03 16:21:44.212
"TIC000031",2026-08-04 10:13:23.215
"TIC000032",2026-08-04 10:17:54.341
"TIC000033",2026-08-04 10:27:32.303
"TIC000034",2026-08-04 10:28:46.56
"TIC000035",2026-08-04 10:30:19.372
"TIC000036",2026-08-04 10:33:02.364
"TIC000037",2026-08-04 10:34:17.91
"TIC000038",2026-08-04 10:35:42.177
"TIC000039",2026-08-04 10:37:03.282
"TIC000040",2026-08-04 10:44:07.106
"TIC000041",2026-08-04 11:17:51.051
"TIC000042",2026-08-04 11:44:17.093
"TIC000043",2026-08-04 11:55:37.73
"TIC000044",2026-08-04 13:01:00.313
"TIC000045",2026-08-04 15:06:14.902
"TIC000046",2026-08-04 15:08:41.942
"TIC000047",2026-08-04 15:10:05.085999
"TIC000048",2026-08-04 15:23:20.868999
"TIC000049",2026-08-04 15:25:56.888
"TIC000050",2026-08-05 12:24:16.631
"TIC000051",2026-08-05 13:59:37.254001
"TIC000052",2026-08-05 14:01:04.303
"TIC000053",2026-08-05 14:43:35.937
"TIC000054",2026-08-05 14:44:25.939
"TIC000055",2026-08-05 15:12:51.821
"TIC000056",2026-08-05 15:14:02.513
"TIC000057",2026-08-05 15:14:59.245
"TIC000058",2026-08-05 15:15:42.096
"TIC000059",2026-08-05 15:16:47.873
"TIC000060",2026-08-06 15:31:28.871
"TIC000061",2026-08-06 15:33:49.576
"TIC000062",2026-08-06 15:37:18.84
"TIC000063",2026-08-06 15:42:07.532
"TIC000064",2026-08-06 15:44:36.668
"TIC000065",2026-08-06 15:51:41.65
"TIC000066",2026-08-06 15:52:55.278
"TIC000067",2026-08-06 15:56:44.522
"TIC000068",2026-08-06 16:59:22.298
"TIC000069",2026-08-06 17:03:45.188
"TIC000070",2026-08-06 17:07:21.64
"TIC000071",2026-08-06 17:11:20.69
"TIC000072",2026-08-06 18:17:09.933
"TIC000073",2026-08-06 18:20:17.503
"TIC000074",2026-08-06 18:22:24.074
"TIC000075",2026-08-06 18:32:42.662
"TIC000076",2026-08-06 18:35:13.384
"TIC000077",2026-08-06 18:37:25.954
"TIC000078",2026-08-06 18:38:52.398
"TIC000079",2026-08-06 18:44:34.353
"TIC000080",2026-08-06 18:45:59.342
"TIC000081",2026-08-06 18:48:14.626
"TIC000082",2026-08-06 18:49:47.528
"TIC000083",2026-08-06 18:51:58.698
"TIC000084",2026-08-06 19:04:46.066
"TIC000085",2026-08-07 10:16:04.64
"TIC000086",2026-08-07 10:22:39.963
"TIC000087",2026-08-07 10:26:06.166999
"TIC000088",2026-08-07 10:30:24.859
"TIC000089",2026-08-07 10:33:35.520999
"TIC000090",2026-08-07 10:35:42.9
"TIC000091",2026-08-07 10:37:04.403
"TIC000092",2026-08-07 10:38:06.726
"TIC000093",2026-08-07 10:39:51.423
"TIC000094",2026-08-07 10:41:41.963
"TIC000095",2026-08-07 10:42:46.235
"TIC000096",2026-08-07 10:47:40.885
"TIC000097",2026-08-07 10:48:57.906
"TIC000098",2026-08-07 10:53:27.199
"TIC000099",2026-08-07 12:53:31.584
"TIC000100",2026-08-07 12:54:41.074
"TIC000101",2026-08-07 12:55:57.606
"TIC000102",2026-08-07 12:59:03.695
"TIC000103",2026-08-07 13:01:17.208001
"TIC000104",2026-08-07 13:04:07.896
"TIC000105",2026-08-07 13:05:15.99
"TIC000106",2026-08-07 13:07:14.266
"TIC000107",2026-08-07 13:08:06.44
"TIC000108",2026-08-07 13:12:30.217
"TIC000109",2026-08-07 13:14:03.556
"TIC000110",2026-08-07 13:47:15.485
"TIC000111",2026-08-07 13:55:47.319
"TIC000112",2026-08-07 13:57:50.18
"TIC000113",2026-08-07 13:59:58.579
"TIC000114",2026-08-07 14:01:34.918
"TIC000115",2026-08-07 14:05:24.117001
"TIC000116",2026-08-07 14:07:09.318
"TIC000117",2026-08-07 14:08:43.896
"TIC000118",2026-08-07 14:10:58.781
"TIC000119",2026-08-07 14:13:07.758
"TIC000120",2026-08-07 14:14:13.23
"TIC000121",2026-08-07 14:16:02.51
"TIC000122",2026-08-07 14:20:21.471
"TIC000123",2026-08-07 14:22:25.844
"TIC000124",2026-08-07 14:23:54.953
"TIC000125",2026-08-07 14:33:23.418
"TIC000126",2026-08-07 14:34:24.969
"TIC000127",2026-08-07 14:36:29.614
"TIC000128",2026-08-07 19:16:14.772
"TIC000129",2026-08-07 19:18:42.607
"TIC000130",2026-08-07 19:21:44.019
"TIC000131",2026-08-09 13:05:35.829
"TIC000132",2026-08-09 13:09:50.772
"TIC000133",2026-08-09 13:12:02.821
"TIC000134",2026-08-09 13:14:45.965
"TIC000135",2026-08-09 13:26:33.379
"TIC000136",2026-08-09 13:29:43.63
"TIC000137",2026-08-09 13:32:38.6
"TIC000138",2026-08-09 13:35:49.307
"TIC000139",2026-08-09 13:41:55.17
"TIC000140",2026-08-09 13:43:39.057
"TIC000141",2026-08-09 22:10:09.387
"TIC000142",2026-08-10 10:26:23.002
"TIC000143",2026-08-10 10:48:01.217
"TIC000144",2026-08-10 15:58:06.368999
"TIC000145",2026-08-10 16:09:09.598
"TIC000146",2026-08-11 09:47:39.607
"TIC000147",2026-08-11 11:22:57.144
"TIC000148",2026-08-11 11:25:19.946
"TIC000149",2026-08-11 11:30:28.294
"TIC000150",2026-08-11 11:40:30.954
"TIC000151",2026-08-11 11:41:44.645
"TIC000152",2026-08-11 11:43:01.024
"TIC000153",2026-08-11 11:54:26.575
"TIC000154",2026-08-11 11:55:27.217
"TIC000155",2026-08-11 12:07:46.027
"TIC000156",2026-08-11 12:08:57.212
"TIC000157",2026-08-11 12:10:51.401
"TIC000158",2026-08-11 12:12:04.506001
"TIC000159",2026-08-11 12:13:35.989
"TIC000160",2026-08-11 12:15:08.833001
"TIC000161",2026-08-11 12:16:20.65
"TIC000162",2026-08-11 12:24:59.753
"TIC000163",2026-08-11 12:41:45.846
"TIC000164",2026-08-11 13:15:02.823
"TIC000165",2026-08-11 18:43:14.638
"TIC000166",2026-08-11 18:45:25.571
"TIC000167",2026-08-11 18:46:36.549
"TIC000168",2026-08-11 18:58:02.264
"TIC000169",2026-08-11 18:59:30.064
"TIC000170",2026-08-11 19:00:53.458
"TIC000171",2026-08-11 19:03:21.209
"TIC000172",2026-08-11 19:06:06.55
"TIC000173",2026-08-11 19:09:49.341
"TIC000174",2026-08-12 12:04:12.248
"TIC000175",2026-08-12 14:20:52.431
"TIC000176",2026-08-12 14:21:48.95
"TIC000177",2026-08-12 15:12:05.204
"TIC000178",2026-08-12 15:13:10.803
"TIC000179",2026-08-12 15:14:26.336
"TIC000180",2026-08-12 15:16:56.329999
"TIC000181",2026-08-12 15:17:53.232
"TIC000182",2026-08-12 15:18:54.482
"TIC000183",2026-08-12 15:19:53.802
"TIC000184",2026-08-12 15:28:46.244999
"TIC000185",2026-08-12 15:31:06.109
"TIC000186",2026-08-12 15:32:09.332
"TIC000187",2026-08-12 15:33:21.188
"TIC000188",2026-08-12 15:35:00.026
"TIC000189",2026-08-12 15:36:02.714
"TIC000190",2026-08-12 15:37:05.681
"TIC000191",2026-08-12 15:38:13.542
"TIC000192",2026-08-12 15:39:26.289
"TIC000193",2026-08-12 15:40:43.08
"TIC000194",2026-08-12 15:41:40.819
"TIC000195",2026-08-12 21:29:20.032
"TIC000196",2026-08-12 21:31:17.276
"TIC000197",2026-08-12 21:32:51.796
"TIC000198",2026-08-13 13:59:46.058
"TIC000199",2026-08-13 14:01:27.101
"TIC000200",2026-08-13 14:05:26.381
"TIC000201",2026-08-13 14:07:08.401
"TIC000202",2026-08-13 14:14:52.788
"TIC000203",2026-08-13 15:21:13.961
"TIC000204",2026-08-17 11:19:40.884
"TIC000205",2026-08-17 13:46:21.678
"TIC000206",2026-08-18 17:18:42.745
"TIC000207",2026-08-19 12:57:40.266
"TIC000208",2026-08-19 13:00:29.962
"TIC000209",2026-08-19 13:17:57.711
"TIC000210",2026-08-19 13:55:07.965
"TIC000211",2026-08-19 13:56:02.185
"TIC000212",2026-08-19 14:14:50.203
"TIC000213",2026-08-19 14:38:52.067
"TIC000214",2026-08-20 16:01:23.544
"TIC000215",2026-08-24 10:23:29.029
"TIC000216",2026-08-24 10:27:16.706
"TIC000217",2026-08-24 10:28:29.888
"TIC000218",2026-08-24 10:33:01.39
"TIC000219",2026-08-24 11:52:52.499
"TIC000220",2026-08-24 11:54:44.516
"TIC000221",2026-08-24 12:10:55.469
"TIC000222",2026-08-24 12:13:30.073
"TIC000223",2026-08-24 13:03:45.393
"TIC000224",2026-08-24 13:05:15.489
"TIC000225",2026-08-24 14:57:24.515
"TIC000226",2026-08-25 11:20:48.359
"TIC000227",2026-08-25 11:23:23.958
"TIC000228",2026-08-25 11:26:53.963
"TIC000229",2026-08-25 11:27:52.077
"TIC000230",2026-08-25 11:28:53.378
"TIC000231",2026-08-25 13:05:36.127
"TIC000232",2026-08-25 13:10:09.571
"TIC000233",2026-08-25 13:10:54.105
"TIC000234",2026-08-25 13:13:26.111
"TIC000235",2026-08-25 13:15:20.969
"TIC000236",2026-08-25 13:49:28.434
"TIC000237",2026-08-25 14:33:55.671
"TIC000238",2026-08-25 14:35:40.67
"TIC000239",2026-08-25 14:36:57.178
"TIC000240",2026-08-26 15:49:19.486
"TIC000241",2026-08-26 15:52:57.123
"TIC000242",2026-08-26 15:55:03.423
"TIC000243",2026-08-26 15:58:01.67
"TIC000244",2026-08-26 15:59:56.974
"TIC000245",2026-08-26 16:01:43.084
"TIC000246",2026-08-26 16:03:43.991
"TIC000247",2026-08-26 16:04:44.128
"TIC000248",2026-08-26 16:06:07.716
"TIC000249",2026-08-26 16:09:08.454
"TIC000250",2026-08-26 16:57:18.033
"TIC000251",2026-08-27 09:46:18.26
"TIC000252",2026-08-27 09:52:28.974
"TIC000253",2026-08-27 09:53:45.87
"TIC000254",2026-08-27 09:56:18.995
"TIC000255",2026-08-27 13:04:19.711
"TIC000256",2026-08-27 13:11:07.507
"TIC000257",2026-08-27 13:15:36.067
"TIC000258",2026-08-27 13:21:28.869
"TIC000259",2026-08-27 13:22:50.513
"TIC000260",2026-08-27 13:24:11.653
"TIC000261",2026-08-27 13:32:01.77
"TIC000262",2026-08-27 13:40:54.592
"TIC000263",2026-08-27 14:11:22.248
"TIC000264",2026-08-27 14:35:16.463
"TIC000265",2026-08-27 15:23:39.601
"TIC000266",2026-08-27 15:24:39.511001
"TIC000267",2026-08-27 15:25:33.721
"TIC000268",2026-08-27 15:29:55.822
"TIC000269",2026-08-27 15:30:51.655
"TIC000270",2026-08-27 15:36:17.495
"TIC000271",2026-08-27 15:37:20.912
"TIC000272",2026-08-27 15:38:14.097
"TIC000273",2026-08-27 15:39:16.742
"TIC000274",2026-08-27 15:40:22.345
"TIC000275",2026-08-27 19:56:21.551
"TIC000276",2026-08-28 13:43:40.933
"TIC000277",2026-08-28 13:48:52.742
"TIC000278",2026-08-28 13:51:31.499
"TIC000279",2026-08-28 13:55:04.731
"TIC000280",2026-08-28 14:07:40.359
"TIC000281",2026-08-28 14:26:45.444
"TIC000282",2026-08-28 14:29:23.616
"TIC000283",2026-08-31 12:08:27.631
"TIC000284",2026-08-31 12:24:26.404
"TIC000285",2026-08-31 12:26:39.042
"TIC000286",2026-08-31 12:57:05.924
"TIC000287",2026-08-31 12:59:28.88
"TIC000288",2026-08-31 13:00:35.204999
"TIC000289",2026-08-31 13:01:40.095
"TIC000290",2026-08-31 13:22:14.644
"TIC000291",2026-09-01 13:30:26.651
"TIC000292",2026-09-01 13:32:16.694
"TIC000293",2026-09-01 13:42:04.476
"TIC000294",2026-09-01 13:52:35.549
"TIC000295",2026-09-01 13:59:20.13
"TIC000296",2026-09-01 14:01:01.344
"TIC000297",2026-09-01 14:08:53.105999
"TIC000298",2026-09-01 18:40:00.754
"TIC000299",2026-09-01 18:54:53.103
"TIC000300",2026-09-01 18:55:51.727
"TIC000301",2026-09-01 18:56:42.715
"TIC000302",2026-09-01 18:57:51.821
"TIC000303",2026-09-02 10:47:09.125
"TIC000304",2026-09-02 12:19:29.864
"TIC000305",2026-09-02 12:20:50.398
"TIC000306",2026-09-02 12:24:27.926
"TIC000307",2026-09-02 12:26:18.309
"TIC000308",2026-09-02 12:27:49.011
"TIC000309",2026-09-02 12:57:54.743001
"TIC000310",2026-09-02 13:12:06.686
"TIC000311",2026-09-02 13:31:56.629
"TIC000312",2026-09-02 13:34:49.561
"TIC000313",2026-09-02 13:36:04.124
"TIC000314",2026-09-02 13:37:04.422
"TIC000315",2026-09-02 13:38:02.019
"TIC000316",2026-09-02 14:44:34.17
"TIC000317",2026-09-02 14:45:18.352
"TIC000318",2026-09-02 15:02:54.670001
"TIC000319",2026-09-03 15:13:04.153
"TIC000320",2026-09-03 15:14:07.482
"TIC000321",2026-09-03 15:15:27.325
"TIC000322",2026-09-03 15:21:13.234
"TIC000323",2026-09-03 15:22:54.895
"TIC000324",2026-09-03 20:17:20.224
"TIC000325",2026-09-03 20:18:48.295
"TIC000326",2026-09-03 20:21:35.931
"TIC000327",2026-09-03 20:23:29.421
"TIC000328",2026-09-03 20:24:30.491
"TIC000329",2026-09-03 20:25:40.355
"TIC000330",2026-09-03 20:27:02.038
"TIC000331",2026-09-03 20:30:33.779
"TIC000332",2026-09-03 20:31:26.031
"TIC000333",2026-09-03 20:35:02.812
"TIC000334",2026-09-03 20:36:28.021
"TIC000335",2026-09-03 20:38:03.445
"TIC000336",2026-09-03 20:39:09.378
"TIC000337",2026-09-03 20:41:19.313
"TIC000338",2026-09-03 20:44:00.831
"TIC000339",2026-09-03 20:46:54.852
"TIC000340",2026-09-03 21:00:15.116
"TIC000341",2026-09-03 21:06:22.352
"TIC000342",2026-09-03 21:07:19.376
"TIC000343",2026-09-03 21:09:03.531
"TIC000344",2026-09-03 22:45:16.207
"TIC000345",2026-09-03 22:46:41.928
"TIC000346",2026-09-03 22:47:31.81
"TIC000347",2026-09-03 22:48:26.257999
"TIC000348",2026-09-03 22:50:22.965
"TIC000349",2026-09-04 10:40:10.181
"TIC000350",2026-09-04 10:46:44.001
"TIC000351",2026-09-07 10:48:04.614
"TIC000352",2026-09-07 11:34:21.041
"TIC000353",2026-09-07 11:36:24.66
"TIC000354",2026-09-07 11:44:07.443
"TIC000355",2026-09-07 11:47:39.576
"TIC000356",2026-09-07 12:03:09.459
"TIC000357",2026-09-07 12:04:02.097
"TIC000358",2026-09-07 12:05:28.999
"TIC000359",2026-09-07 12:06:22.485001
"TIC000360",2026-09-07 12:14:21.5
"TIC000361",2026-09-07 12:15:17.869
"TIC000362",2026-09-07 12:17:54.358
"TIC000363",2026-09-07 12:19:52.666999
"TIC000364",2026-09-07 12:40:41.094
"TIC000365",2026-09-07 12:42:19.689
"TIC000366",2026-09-07 12:47:15.128
"TIC000367",2026-09-07 12:49:33.849
"TIC000368",2026-09-07 13:06:26.626
"TIC000369",2026-09-07 13:08:38.448
"TIC000370",2026-09-07 13:09:41.021
"TIC000371",2026-09-07 13:12:41.855
"TIC000372",2026-09-07 13:26:27.266
"TIC000373",2026-09-07 13:27:38.472
"TIC000374",2026-09-07 13:45:17.149
"TIC000375",2026-09-07 13:46:12.437
"TIC000376",2026-09-07 14:01:46.767
"TIC000377",2026-09-07 14:03:16.302
"TIC000378",2026-09-07 14:12:01.876
"TIC000379",2026-09-07 14:27:11.595
"TIC000380",2026-09-07 14:50:31.283
"TIC000381",2026-09-07 14:55:05.634
"TIC000382",2026-09-07 14:55:55.951
"TIC000383",2026-09-07 14:56:44.454
"TIC000384",2026-09-07 14:58:15.954
"TIC000385",2026-09-07 14:59:04.016
"TIC000386",2026-09-07 14:59:54.790999
"TIC000387",2026-09-07 15:00:48.329999
"TIC000388",2026-09-07 15:01:33.701
"TIC000389",2026-09-07 15:02:34.309999
"TIC000390",2026-09-07 15:03:27.115
"TIC000391",2026-09-07 15:04:18.816
"TIC000392",2026-09-07 15:42:03.608
"TIC000393",2026-09-07 15:42:46.099999
"TIC000394",2026-09-08 09:56:25.728
"TIC000395",2026-09-08 10:00:07.801001
"TIC000396",2026-09-08 11:28:48.355
"TIC000397",2026-09-08 11:33:16.89
"TIC000398",2026-09-08 11:33:59.055
"TIC000399",2026-09-08 13:15:11.68
"TIC000400",2026-09-08 13:16:01.363
"TIC000401",2026-09-08 13:16:51.849
"TIC000402",2026-09-08 13:17:31.002
"TIC000403",2026-09-08 13:18:16.375
"TIC000404",2026-09-08 13:18:54.39
"TIC000405",2026-09-08 13:19:37.502
"TIC000406",2026-09-08 13:22:10.082
"TIC000407",2026-09-08 13:22:49.865
"TIC000408",2026-09-08 13:30:41.846
"TIC000409",2026-09-08 13:33:13.408
"TIC000410",2026-09-08 13:34:03.509
"TIC000411",2026-09-08 13:35:58.142
"TIC000412",2026-09-08 13:45:52.595
"TIC000413",2026-09-08 13:46:54.253
"TIC000414",2026-09-08 13:47:43.847
"TIC000415",2026-09-08 13:53:07.717
"TIC000416",2026-09-08 13:57:38.199
"TIC000417",2026-09-08 14:01:41.905
"TIC000418",2026-09-08 14:02:25.865
"TIC000419",2026-09-08 14:03:36.784
"TIC000420",2026-09-08 14:04:22.577
"TIC000421",2026-09-08 14:05:02.630001
"TIC000422",2026-09-08 14:05:48.321
"TIC000423",2026-09-08 14:06:53.533
"TIC000424",2026-09-08 14:15:41.649
"TIC000425",2026-09-08 14:19:51.423
"TIC000426",2026-09-08 18:08:20.236
"TIC000427",2026-09-09 12:15:02.803
"TIC000428",2026-09-09 12:59:41.153
"TIC000429",2026-09-09 13:00:57.506999
"TIC000430",2026-09-09 15:28:29.357
"TIC000431",2026-09-09 15:30:00.181
"TIC000432",2026-09-09 15:46:04.219
"TIC000433",2026-09-09 15:47:14.947
"TIC000434",2026-09-09 15:48:52.714
"TIC000435",2026-09-09 15:49:44.417
"TIC000436",2026-09-09 21:30:52.759
"TIC000437",2026-09-09 21:31:50.959
"TIC000438",2026-09-09 21:32:46.376
"TIC000439",2026-09-09 21:33:58.909
"TIC000440",2026-09-09 21:35:39.299
"TIC000441",2026-09-09 21:36:33.352
"TIC000442",2026-09-09 21:37:10.271
"TIC000443",2026-09-09 21:37:58.269
"TIC000444",2026-09-09 21:38:41.54
"TIC000445",2026-09-09 21:39:21.486
"TIC000446",2026-09-09 21:40:05.917
"TIC000447",2026-09-09 21:40:47.722
"TIC000448",2026-09-09 21:41:31.297
"TIC000449",2026-09-09 21:42:32.848
"TIC000450",2026-09-09 21:43:14.617
"TIC000451",2026-09-09 21:44:02.637
"TIC000452",2026-09-09 21:44:47.537
"TIC000453",2026-09-09 21:45:35.062
"TIC000454",2026-09-09 21:46:47.267
"TIC000455",2026-09-09 21:47:41.693
"TIC000456",2026-09-09 21:48:38.789999
"TIC000457",2026-09-09 21:49:28.379
"TIC000458",2026-09-09 21:50:18.71
"TIC000459",2026-09-09 21:51:07.298
"TIC000460",2026-09-09 21:51:43.72
"TIC000461",2026-09-09 21:52:22.229
"TIC000462",2026-09-09 21:52:54.657
"TIC000463",2026-09-09 21:53:30.65
"TIC000464",2026-09-09 21:54:13.012
"TIC000465",2026-09-09 21:54:48.09
"TIC000466",2026-09-09 21:55:22.661
"TIC000467",2026-09-09 21:55:59.239
"TIC000468",2026-09-09 21:56:36.089
"TIC000469",2026-09-09 21:57:15.074
"TIC000470",2026-09-09 21:57:50.645
"TIC000471",2026-09-09 21:58:35.801
"TIC000472",2026-09-09 21:59:24.463
"TIC000473",2026-09-09 22:00:07.697
"TIC000474",2026-09-09 22:00:41.361
"TIC000475",2026-09-09 22:01:18.865
"TIC000476",2026-09-09 22:01:57.945
"TIC000477",2026-09-09 22:02:30.340001
"TIC000478",2026-09-09 22:03:07.975
"TIC000479",2026-09-09 22:03:42.233
"TIC000480",2026-09-09 22:04:17.209
"TIC000481",2026-09-09 22:04:55.902
"TIC000482",2026-09-09 22:05:30.215001
"TIC000483",2026-09-09 22:06:08.911
"TIC000484",2026-09-09 22:06:48.28
"TIC000485",2026-09-09 22:09:22.332
"TIC000486",2026-09-09 22:10:18.115
"TIC000487",2026-09-09 22:11:00.516
"TIC000488",2026-09-09 22:11:43.276
"TIC000489",2026-09-09 22:12:27.389999
"TIC000490",2026-09-09 22:13:06.679
"TIC000491",2026-09-09 22:13:39.76
"TIC000492",2026-09-09 22:14:16.222
"TIC000493",2026-09-09 22:14:46.427
"TIC000494",2026-09-09 22:27:39.932
"TIC000495",2026-09-09 22:32:42.886001
"TIC000496",2026-09-09 22:33:51.916
"TIC000497",2026-09-09 22:34:49.46
"TIC000498",2026-09-09 22:48:29.075
"TIC000499",2026-09-09 22:50:10.582
"TIC000500",2026-09-09 22:51:04.661
"TIC000501",2026-09-09 22:51:49.752
"TIC000502",2026-09-09 22:52:33.498
"TIC000503",2026-09-09 22:53:17.744
"TIC000504",2026-09-09 22:54:26.896
"TIC000505",2026-09-09 22:55:26.279
"TIC000506",2026-09-09 22:57:57.49
"TIC000507",2026-09-09 23:04:48.951
"TIC000508",2026-09-09 23:16:08.345
"TIC000509",2026-09-09 23:20:20.63
"TIC000510",2026-09-09 23:21:49.329
"TIC000511",2026-09-09 23:23:22.78
"TIC000512",2026-09-09 23:55:15.194
"TIC000513",2026-09-09 23:56:07.012
"TIC000514",2026-09-10 00:10:40.606
"TIC000515",2026-09-10 00:11:41.873
"TIC000516",2026-09-10 00:13:59.361
"TIC000517",2026-09-10 00:15:25.912
"TIC000518",2026-09-10 00:20:16.364
"TIC000519",2026-09-10 00:21:23.912
"TIC000520",2026-09-10 00:22:18.816
"TIC000521",2026-09-10 00:24:31.921
"TIC000522",2026-09-10 00:26:10.438
"TIC000523",2026-09-10 00:26:54.452
"TIC000524",2026-09-10 00:34:07.268
"TIC000525",2026-09-10 00:39:31.249
"TIC000526",2026-09-10 00:46:42.497
"TIC000527",2026-09-10 00:47:35.993
"TIC000528",2026-09-10 00:48:31.135
"TIC000529",2026-09-10 00:49:21.065001
"TIC000530",2026-09-10 01:03:15.545
"TIC000531",2026-09-10 01:04:10.887
"TIC000532",2026-09-10 02:16:02.173
"TIC000533",2026-09-10 02:17:18.493999
"TIC000534",2026-09-10 02:19:16.993
"TIC000535",2026-09-10 02:22:33.474
"TIC000536",2026-09-10 02:24:04.356
"TIC000537",2026-09-10 02:47:45.987
"TIC000538",2026-09-10 02:49:15.895
"TIC000539",2026-09-10 02:50:54.153
"TIC000540",2026-09-10 02:52:30.824
"TIC000541",2026-09-10 02:53:56.319
"TIC000542",2026-09-10 02:55:37.460999
"TIC000543",2026-09-10 03:05:14.709
"TIC000544",2026-09-10 03:15:19.302001
"TIC000545",2026-09-10 03:16:26.599999
"TIC000546",2026-09-10 03:17:28.82
"TIC000547",2026-09-10 03:18:14.863999
"TIC000548",2026-09-10 03:19:23.518
"TIC000549",2026-09-10 03:20:15.028
"TIC000550",2026-09-10 03:34:21.218
"TIC000551",2026-09-10 03:36:13.284999
"TIC000552",2026-09-29 10:05:14.005
"TIC000553",2026-10-01 11:05:56.004
"TIC000554",2026-10-01 11:07:16.631
"TIC000555",2026-10-01 11:08:38.581
